#SampleID	Sample Accession	Sample Alias	Ecozone	Region	Site	Environmental Source	Phylogenetic Marker	Target Gene Subfragment	Collection Date	sampling_depth_m	elevation_m	mean_annual_temp_C	total_carbon	total_nitrogen	ph	cn_ratio	ph_category
ERR1226373	ERS1040248	BP241B	IDFBC	British Columbia	BP	Forest Soil	16S rRNA	V1-V3	2010-06-22	0.1	1180	2.5	2.5	0.1	5.5	22.8	Slightly Acidic
ERR1226374	ERS1040249	BP242B	IDFBC	British Columbia	BP	Forest Soil	16S rRNA	V1-V3	2010-06-22	0.1	1180	2.5	2.5	0.1	5.5	22.8	Slightly Acidic
ERR1226375	ERS1040250	BP243B	IDFBC	British Columbia	BP	Forest Soil	16S rRNA	V1-V3	2010-06-22	0.1	1180	2.5	2.5	0.1	5.5	22.8	Slightly Acidic
ERR1226376	ERS1040251	BP244B	IDFBC	British Columbia	BP	Forest Soil	16S rRNA	V1-V3	2010-06-22	0.3	1180	2.5	41.8	1.5	5.8	27.7	Slightly Acidic
ERR1226377	ERS1040252	BP245B	IDFBC	British Columbia	BP	Forest Soil	16S rRNA	V1-V3	2010-06-22	0.3	1180	2.5	41.8	1.5	5.8	27.7	Slightly Acidic
ERR1226378	ERS1040253	BP246B	IDFBC	British Columbia	BP	Forest Soil	16S rRNA	V1-V3	2010-06-22	0.3	1180	2.5	41.8	1.5	5.8	27.7	Slightly Acidic
ERR1226379	ERS1040254	BP250B	IDFBC	British Columbia	BP	Forest Soil	16S rRNA	V1-V3	2010-06-22	0.3	1180	2.5	2	0.1	5.6	22.3	Slightly Acidic
ERR1226380	ERS1040255	BP251B	IDFBC	British Columbia	BP	Forest Soil	16S rRNA	V1-V3	2010-06-22	0.3	1180	2.5	2	0.1	5.6	22.3	Slightly Acidic
ERR1226381	ERS1040256	BP252B	IDFBC	British Columbia	BP	Forest Soil	16S rRNA	V1-V3	2010-06-22	0.3	1180	2.5	2	0.1	5.6	22.3	Slightly Acidic
ERR1226382	ERS1040257	BP256B	IDFBC	British Columbia	BP	Forest Soil	16S rRNA	V1-V3	2010-06-22	0.3	1180	2.5	2.6	0.1	5.7	23.6	Slightly Acidic
ERR1226383	ERS1040258	BP257B	IDFBC	British Columbia	BP	Forest Soil	16S rRNA	V1-V3	2010-06-22	0.3	1180	2.5	2.6	0.1	5.7	23.6	Slightly Acidic
ERR1226384	ERS1040259	BP258B	IDFBC	British Columbia	BP	Forest Soil	16S rRNA	V1-V3	2010-06-22	0.3	1180	2.5	2.6	0.1	5.7	23.6	Slightly Acidic
ERR1226385	ERS1040260	BP259B	IDFBC	British Columbia	BP	Forest Soil	16S rRNA	V1-V3	2010-06-22	0.1	1180	2.5	38.700000000000003	1.1000000000000001	5.6	35.2	Slightly Acidic
ERR1226386	ERS1040261	BP260B	IDFBC	British Columbia	BP	Forest Soil	16S rRNA	V1-V3	2010-06-22	0.1	1180	2.5	38.700000000000003	1.1000000000000001	5.6	35.2	Slightly Acidic
ERR1226387	ERS1040262	BP261B	IDFBC	British Columbia	BP	Forest Soil	16S rRNA	V1-V3	2010-06-22	0.1	1180	2.5	38.700000000000003	1.1000000000000001	5.6	35.2	Slightly Acidic
ERR1226388	ERS1040263	BP262B	IDFBC	British Columbia	BP	Forest Soil	16S rRNA	V1-V3	2010-06-22	0.3	1180	2.5	3	0.1	5.4	27.1	Slightly Acidic
ERR1226389	ERS1040264	BP263B	IDFBC	British Columbia	BP	Forest Soil	16S rRNA	V1-V3	2010-06-22	0.3	1180	2.5	3	0.1	5.4	27.1	Slightly Acidic
ERR1226390	ERS1040265	BP264B	IDFBC	British Columbia	BP	Forest Soil	16S rRNA	V1-V3	2010-06-22	0.3	1180	2.5	3	0.1	5.4	27.1	Slightly Acidic
ERR1226391	ERS1040266	BP265B	IDFBC	British Columbia	BP	Forest Soil	16S rRNA	V1-V3	2010-06-22	0.1	1180	2.5	43.2	0.9	5.1	50.9	Slightly Acidic
ERR1226392	ERS1040267	BP266B	IDFBC	British Columbia	BP	Forest Soil	16S rRNA	V1-V3	2010-06-22	0.1	1180	2.5	43.2	0.9	5.1	50.9	Slightly Acidic
ERR1226393	ERS1040268	BP267B	IDFBC	British Columbia	BP	Forest Soil	16S rRNA	V1-V3	2010-06-22	0.1	1180	2.5	43.2	0.9	5.1	50.9	Slightly Acidic
ERR1226394	ERS1040269	BP268B	IDFBC	British Columbia	BP	Forest Soil	16S rRNA	V1-V3	2010-06-22	0.3	1180	2.5	2.8	0.1	5.4	27.6	Slightly Acidic
ERR1226395	ERS1040270	BP269B	IDFBC	British Columbia	BP	Forest Soil	16S rRNA	V1-V3	2010-06-22	0.3	1180	2.5	2.8	0.1	5.4	27.6	Slightly Acidic
ERR1226396	ERS1040271	BP270B	IDFBC	British Columbia	BP	Forest Soil	16S rRNA	V1-V3	2010-06-22	0.3	1180	2.5	2.8	0.1	5.4	27.6	Slightly Acidic
ERR1226397	ERS1040272	BP271B	IDFBC	British Columbia	BP	Forest Soil	16S rRNA	V1-V3	2010-06-22	0.1	1180	2.5	38.6	1	5.3	37.5	Slightly Acidic
ERR1226398	ERS1040273	BP272B	IDFBC	British Columbia	BP	Forest Soil	16S rRNA	V1-V3	2010-06-22	0.1	1180	2.5	38.6	1	5.3	37.5	Slightly Acidic
ERR1226399	ERS1040274	BP273B	IDFBC	British Columbia	BP	Forest Soil	16S rRNA	V1-V3	2010-06-22	0.1	1180	2.5	38.6	1	5.3	37.5	Slightly Acidic
ERR1226400	ERS1040275	BP274B	IDFBC	British Columbia	BP	Forest Soil	16S rRNA	V1-V3	2010-06-22	0.3	1180	2.5	2.7	0.1	5.5	24.2	Slightly Acidic
ERR1226401	ERS1040276	BP275B	IDFBC	British Columbia	BP	Forest Soil	16S rRNA	V1-V3	2010-06-22	0.3	1180	2.5	2.7	0.1	5.5	24.2	Slightly Acidic
ERR1226402	ERS1040277	BP276B	IDFBC	British Columbia	BP	Forest Soil	16S rRNA	V1-V3	2010-06-22	0.3	1180	2.5	2.7	0.1	5.5	24.2	Slightly Acidic
ERR1226403	ERS1040278	BP277B	IDFBC	British Columbia	BP	Forest Soil	16S rRNA	V1-V3	2010-06-22	0.1	1180	2.5	33.4	0.9	5.2	38.4	Slightly Acidic
ERR1226404	ERS1040279	BP278B	IDFBC	British Columbia	BP	Forest Soil	16S rRNA	V1-V3	2010-06-22	0.1	1180	2.5	33.4	0.9	5.2	38.4	Slightly Acidic
ERR1226405	ERS1040280	BP279B	IDFBC	British Columbia	BP	Forest Soil	16S rRNA	V1-V3	2010-06-22	0.1	1180	2.5	33.4	0.9	5.2	38.4	Slightly Acidic
ERR1226406	ERS1040281	BP280B	IDFBC	British Columbia	BP	Forest Soil	16S rRNA	V1-V3	2010-06-22	0.3	1180	2.5	2.1	0.1	5.3	22.9	Slightly Acidic
ERR1226407	ERS1040282	BP281B	IDFBC	British Columbia	BP	Forest Soil	16S rRNA	V1-V3	2010-06-22	0.3	1180	2.5	2.1	0.1	5.3	22.9	Slightly Acidic
ERR1226408	ERS1040283	BP282B	IDFBC	British Columbia	BP	Forest Soil	16S rRNA	V1-V3	2010-06-22	0.3	1180	2.5	2.1	0.1	5.3	22.9	Slightly Acidic
ERR1226409	ERS1040284	BP286B	IDFBC	British Columbia	BP	Forest Soil	16S rRNA	V1-V3	2010-06-22	0.3	1180	2.5	2.1	0.1	5.7	23.3	Slightly Acidic
ERR1226410	ERS1040285	BP287B	IDFBC	British Columbia	BP	Forest Soil	16S rRNA	V1-V3	2010-06-22	0.3	1180	2.5	2.1	0.1	5.7	23.3	Slightly Acidic
ERR1226411	ERS1040286	BP288B	IDFBC	British Columbia	BP	Forest Soil	16S rRNA	V1-V3	2010-06-22	0.3	1180	2.5	2.1	0.1	5.7	23.3	Slightly Acidic
ERR1226412	ERS1040287	BP289B	IDFBC	British Columbia	BP	Forest Soil	16S rRNA	V1-V3	2010-06-22	0.1	1180	2.5	37.6	0.9	5.1	41.4	Slightly Acidic
ERR1226413	ERS1040288	BP290B	IDFBC	British Columbia	BP	Forest Soil	16S rRNA	V1-V3	2010-06-22	0.1	1180	2.5	37.6	0.9	5.1	41.4	Slightly Acidic
ERR1226414	ERS1040289	BP291B	IDFBC	British Columbia	BP	Forest Soil	16S rRNA	V1-V3	2010-06-22	0.1	1180	2.5	37.6	0.9	5.1	41.4	Slightly Acidic
ERR1226415	ERS1040290	BP292B	IDFBC	British Columbia	BP	Forest Soil	16S rRNA	V1-V3	2010-06-22	0.3	1180	2.5	3.6	0.2	5.7	23.7	Slightly Acidic
ERR1226416	ERS1040291	BP293B	IDFBC	British Columbia	BP	Forest Soil	16S rRNA	V1-V3	2010-06-22	0.3	1180	2.5	3.6	0.2	5.7	23.7	Slightly Acidic
ERR1226417	ERS1040292	BP294B	IDFBC	British Columbia	BP	Forest Soil	16S rRNA	V1-V3	2010-06-22	0.3	1180	2.5	3.6	0.2	5.7	23.7	Slightly Acidic
ERR1226418	ERS1040293	BP295B	IDFBC	British Columbia	BP	Forest Soil	16S rRNA	V1-V3	2010-06-22	0.1	1180	2.5	44.4	1.3	5.4	35.5	Slightly Acidic
ERR1226419	ERS1040294	BP296B	IDFBC	British Columbia	BP	Forest Soil	16S rRNA	V1-V3	2010-06-22	0.1	1180	2.5	44.4	1.3	5.4	35.5	Slightly Acidic
ERR1226420	ERS1040295	BP297B	IDFBC	British Columbia	BP	Forest Soil	16S rRNA	V1-V3	2010-06-22	0.1	1180	2.5	44.4	1.3	5.4	35.5	Slightly Acidic
ERR1226421	ERS1040296	BP298B	IDFBC	British Columbia	BP	Forest Soil	16S rRNA	V1-V3	2010-06-22	0.3	1180	2.5	2.4	0.1	5.6	24.2	Slightly Acidic
ERR1226422	ERS1040297	BP299B	IDFBC	British Columbia	BP	Forest Soil	16S rRNA	V1-V3	2010-06-22	0.3	1180	2.5	2.4	0.1	5.6	24.2	Slightly Acidic
ERR1226423	ERS1040298	BP300B	IDFBC	British Columbia	BP	Forest Soil	16S rRNA	V1-V3	2010-06-22	0.3	1180	2.5	2.4	0.1	5.6	24.2	Slightly Acidic
ERR1226424	ERS1040299	DC184B	IDFBC	British Columbia	DC	Forest Soil	16S rRNA	V1-V3	2010-06-25	0.3	1150	2.5	1.7	0.1	5.9	18.4	Slightly Acidic
ERR1226425	ERS1040300	DC185B	IDFBC	British Columbia	DC	Forest Soil	16S rRNA	V1-V3	2010-06-25	0.3	1150	2.5	1.7	0.1	5.9	18.4	Slightly Acidic
ERR1226426	ERS1040301	DC186B	IDFBC	British Columbia	DC	Forest Soil	16S rRNA	V1-V3	2010-06-25	0.3	1150	2.5	1.7	0.1	5.9	18.4	Slightly Acidic
ERR1226427	ERS1040302	DC187B	IDFBC	British Columbia	DC	Forest Soil	16S rRNA	V1-V3	2010-06-25	0.1	1150	2.5	32.9	1.3	6	25.1	Slightly Acidic
ERR1226428	ERS1040303	DC188B	IDFBC	British Columbia	DC	Forest Soil	16S rRNA	V1-V3	2010-06-25	0.1	1150	2.5	32.9	1.3	6	25.1	Slightly Acidic
ERR1226429	ERS1040304	DC189B	IDFBC	British Columbia	DC	Forest Soil	16S rRNA	V1-V3	2010-06-25	0.1	1150	2.5	32.9	1.3	6	25.1	Slightly Acidic
ERR1226430	ERS1040305	DC190B	IDFBC	British Columbia	DC	Forest Soil	16S rRNA	V1-V3	2010-06-25	0.3	1150	2.5	3.3	0.2	5.6	20.5	Slightly Acidic
ERR1226431	ERS1040306	DC191B	IDFBC	British Columbia	DC	Forest Soil	16S rRNA	V1-V3	2010-06-25	0.3	1150	2.5	3.3	0.2	5.6	20.5	Slightly Acidic
ERR1226432	ERS1040307	DC192B	IDFBC	British Columbia	DC	Forest Soil	16S rRNA	V1-V3	2010-06-25	0.3	1150	2.5	3.3	0.2	5.6	20.5	Slightly Acidic
ERR1226433	ERS1040308	DC193B	IDFBC	British Columbia	DC	Forest Soil	16S rRNA	V1-V3	2010-06-25	0.1	1150	2.5	32.9	1.2	5.8	28.4	Slightly Acidic
ERR1226434	ERS1040309	DC194B	IDFBC	British Columbia	DC	Forest Soil	16S rRNA	V1-V3	2010-06-25	0.1	1150	2.5	32.9	1.2	5.8	28.4	Slightly Acidic
ERR1226435	ERS1040310	DC195B	IDFBC	British Columbia	DC	Forest Soil	16S rRNA	V1-V3	2010-06-25	0.1	1150	2.5	32.9	1.2	5.8	28.4	Slightly Acidic
ERR1226436	ERS1040311	DC196B	IDFBC	British Columbia	DC	Forest Soil	16S rRNA	V1-V3	2010-06-25	0.3	1150	2.5	2.1	0.1	5.6	20.5	Slightly Acidic
ERR1226437	ERS1040312	DC197B	IDFBC	British Columbia	DC	Forest Soil	16S rRNA	V1-V3	2010-06-25	0.3	1150	2.5	2.1	0.1	5.6	20.5	Slightly Acidic
ERR1226438	ERS1040313	DC198B	IDFBC	British Columbia	DC	Forest Soil	16S rRNA	V1-V3	2010-06-25	0.3	1150	2.5	2.1	0.1	5.6	20.5	Slightly Acidic
ERR1226439	ERS1040314	DC199B	IDFBC	British Columbia	DC	Forest Soil	16S rRNA	V1-V3	2010-06-25	0.1	1150	2.5	30.1	1	5.8	29.3	Slightly Acidic
ERR1226440	ERS1040315	DC200B	IDFBC	British Columbia	DC	Forest Soil	16S rRNA	V1-V3	2010-06-25	0.1	1150	2.5	30.1	1	5.8	29.3	Slightly Acidic
ERR1226441	ERS1040316	DC201B	IDFBC	British Columbia	DC	Forest Soil	16S rRNA	V1-V3	2010-06-25	0.1	1150	2.5	30.1	1	5.8	29.3	Slightly Acidic
ERR1226442	ERS1040317	DC202B	IDFBC	British Columbia	DC	Forest Soil	16S rRNA	V1-V3	2010-06-25	0.3	1150	2.5	2.4	0.1	5.8	18.5	Slightly Acidic
ERR1226443	ERS1040318	DC203B	IDFBC	British Columbia	DC	Forest Soil	16S rRNA	V1-V3	2010-06-25	0.3	1150	2.5	2.4	0.1	5.8	18.5	Slightly Acidic
ERR1226444	ERS1040319	DC204B	IDFBC	British Columbia	DC	Forest Soil	16S rRNA	V1-V3	2010-06-25	0.3	1150	2.5	2.4	0.1	5.8	18.5	Slightly Acidic
ERR1226445	ERS1040320	DC205B	IDFBC	British Columbia	DC	Forest Soil	16S rRNA	V1-V3	2010-06-25	0.1	1150	2.5	38.700000000000003	1.3	5.6	29.5	Slightly Acidic
ERR1226446	ERS1040321	DC206B	IDFBC	British Columbia	DC	Forest Soil	16S rRNA	V1-V3	2010-06-25	0.1	1150	2.5	38.700000000000003	1.3	5.6	29.5	Slightly Acidic
ERR1226447	ERS1040322	DC207B	IDFBC	British Columbia	DC	Forest Soil	16S rRNA	V1-V3	2010-06-25	0.1	1150	2.5	38.700000000000003	1.3	5.6	29.5	Slightly Acidic
ERR1226448	ERS1040323	DC208B	IDFBC	British Columbia	DC	Forest Soil	16S rRNA	V1-V3	2010-06-25	0.3	1150	2.5	2.2999999999999998	0.1	5.2	20.5	Slightly Acidic
ERR1226449	ERS1040324	DC209B	IDFBC	British Columbia	DC	Forest Soil	16S rRNA	V1-V3	2010-06-25	0.3	1150	2.5	2.2999999999999998	0.1	5.2	20.5	Slightly Acidic
ERR1226450	ERS1040325	DC210B	IDFBC	British Columbia	DC	Forest Soil	16S rRNA	V1-V3	2010-06-25	0.3	1150	2.5	2.2999999999999998	0.1	5.2	20.5	Slightly Acidic
ERR1226451	ERS1040326	DC214B	IDFBC	British Columbia	DC	Forest Soil	16S rRNA	V1-V3	2010-06-25	0.3	1150	2.5	1.8	0.1	5.7	19.7	Slightly Acidic
ERR1226452	ERS1040327	DC215B	IDFBC	British Columbia	DC	Forest Soil	16S rRNA	V1-V3	2010-06-25	0.3	1150	2.5	1.8	0.1	5.7	19.7	Slightly Acidic
ERR1226453	ERS1040328	DC216B	IDFBC	British Columbia	DC	Forest Soil	16S rRNA	V1-V3	2010-06-25	0.3	1150	2.5	1.8	0.1	5.7	19.7	Slightly Acidic
ERR1226454	ERS1040329	DC220B	IDFBC	British Columbia	DC	Forest Soil	16S rRNA	V1-V3	2010-06-25	0.3	1150	2.5	2	0.1	5.8	18	Slightly Acidic
ERR1226455	ERS1040330	DC222B	IDFBC	British Columbia	DC	Forest Soil	16S rRNA	V1-V3	2010-06-25	0.3	1150	2.5	2	0.1	5.8	18	Slightly Acidic
ERR1226456	ERS1040331	DC223B	IDFBC	British Columbia	DC	Forest Soil	16S rRNA	V1-V3	2010-06-25	0.1	1150	2.5	38.799999999999997	1	5.5	39.2	Slightly Acidic
ERR1226457	ERS1040332	DC224B	IDFBC	British Columbia	DC	Forest Soil	16S rRNA	V1-V3	2010-06-25	0.1	1150	2.5	38.799999999999997	1	5.5	39.2	Slightly Acidic
ERR1226458	ERS1040333	DC225B	IDFBC	British Columbia	DC	Forest Soil	16S rRNA	V1-V3	2010-06-25	0.1	1150	2.5	38.799999999999997	1	5.5	39.2	Slightly Acidic
ERR1226459	ERS1040334	DC226B	IDFBC	British Columbia	DC	Forest Soil	16S rRNA	V1-V3	2010-06-25	0.3	1150	2.5	2.6	0.1	5.5	21.4	Slightly Acidic
ERR1226460	ERS1040335	DC227B	IDFBC	British Columbia	DC	Forest Soil	16S rRNA	V1-V3	2010-06-25	0.3	1150	2.5	2.6	0.1	5.5	21.4	Slightly Acidic
ERR1226461	ERS1040336	DC228B	IDFBC	British Columbia	DC	Forest Soil	16S rRNA	V1-V3	2010-06-25	0.3	1150	2.5	2.6	0.1	5.5	21.4	Slightly Acidic
ERR1226462	ERS1040337	DC229B	IDFBC	British Columbia	DC	Forest Soil	16S rRNA	V1-V3	2010-06-25	0.1	1150	2.5	36.700000000000003	1.1000000000000001	5.9	33.3	Slightly Acidic
ERR1226463	ERS1040338	DC230B	IDFBC	British Columbia	DC	Forest Soil	16S rRNA	V1-V3	2010-06-25	0.1	1150	2.5	36.700000000000003	1.1000000000000001	5.9	33.3	Slightly Acidic
ERR1226464	ERS1040339	DC231B	IDFBC	British Columbia	DC	Forest Soil	16S rRNA	V1-V3	2010-06-25	0.1	1150	2.5	36.700000000000003	1.1000000000000001	5.9	33.3	Slightly Acidic
ERR1226465	ERS1040340	DC232B	IDFBC	British Columbia	DC	Forest Soil	16S rRNA	V1-V3	2010-06-25	0.3	1150	2.5	2.8	0.1	5.9	19.9	Slightly Acidic
ERR1226466	ERS1040341	DC233B	IDFBC	British Columbia	DC	Forest Soil	16S rRNA	V1-V3	2010-06-25	0.3	1150	2.5	2.8	0.1	5.9	19.9	Slightly Acidic
ERR1226467	ERS1040342	DC234B	IDFBC	British Columbia	DC	Forest Soil	16S rRNA	V1-V3	2010-06-25	0.3	1150	2.5	2.8	0.1	5.9	19.9	Slightly Acidic
ERR1226468	ERS1040343	DC235B	IDFBC	British Columbia	DC	Forest Soil	16S rRNA	V1-V3	2010-06-25	0.1	1150	2.5	44.3	1.1000000000000001	5	41.4	Slightly Acidic
ERR1226469	ERS1040344	DC236B	IDFBC	British Columbia	DC	Forest Soil	16S rRNA	V1-V3	2010-06-25	0.1	1150	2.5	44.3	1.1000000000000001	5	41.4	Slightly Acidic
ERR1226470	ERS1040345	DC237B	IDFBC	British Columbia	DC	Forest Soil	16S rRNA	V1-V3	2010-06-25	0.1	1150	2.5	44.3	1.1000000000000001	5	41.4	Slightly Acidic
ERR1226471	ERS1040346	DC238B	IDFBC	British Columbia	DC	Forest Soil	16S rRNA	V1-V3	2010-06-25	0.3	1150	2.5	2.2999999999999998	0.1	5.2	23.4	Slightly Acidic
ERR1226472	ERS1040347	DC239B	IDFBC	British Columbia	DC	Forest Soil	16S rRNA	V1-V3	2010-06-25	0.3	1150	2.5	2.2999999999999998	0.1	5.2	23.4	Slightly Acidic
ERR1226473	ERS1040348	DC240B	IDFBC	British Columbia	DC	Forest Soil	16S rRNA	V1-V3	2010-06-25	0.3	1150	2.5	2.2999999999999998	0.1	5.2	23.4	Slightly Acidic
ERR1226474	ERS1040349	LL001B	SBSBC	British Columbia	LL	Forest Soil	16S rRNA	V1-V3	2008-07-09	0.1	780	3.3	24.3	0.8	4.7	30.8	Moderately Acidic
ERR1226475	ERS1040350	LL002B	SBSBC	British Columbia	LL	Forest Soil	16S rRNA	V1-V3	2008-07-09	0.1	780	3.3	24.3	0.8	4.7	30.8	Moderately Acidic
ERR1226476	ERS1040351	LL003B	SBSBC	British Columbia	LL	Forest Soil	16S rRNA	V1-V3	2008-07-09	0.1	780	3.3	24.3	0.8	4.7	30.8	Moderately Acidic
ERR1226477	ERS1040352	LL004B	SBSBC	British Columbia	LL	Forest Soil	16S rRNA	V1-V3	2008-07-09	0.3	780	3.3	1.6	0.1	4.7	22.1	Moderately Acidic
ERR1226478	ERS1040353	LL005B	SBSBC	British Columbia	LL	Forest Soil	16S rRNA	V1-V3	2008-07-09	0.3	780	3.3	1.6	0.1	4.7	22.1	Moderately Acidic
ERR1226479	ERS1040354	LL006B	SBSBC	British Columbia	LL	Forest Soil	16S rRNA	V1-V3	2008-07-09	0.3	780	3.3	1.6	0.1	4.7	22.1	Moderately Acidic
ERR1226480	ERS1040355	LL007B	SBSBC	British Columbia	LL	Forest Soil	16S rRNA	V1-V3	2008-07-09	0.1	780	3.3	27.6	0.8	4.5	33.7	Moderately Acidic
ERR1226481	ERS1040356	LL008B	SBSBC	British Columbia	LL	Forest Soil	16S rRNA	V1-V3	2008-07-09	0.1	780	3.3	27.6	0.8	4.5	33.7	Moderately Acidic
ERR1226482	ERS1040357	LL009B	SBSBC	British Columbia	LL	Forest Soil	16S rRNA	V1-V3	2008-07-09	0.1	780	3.3	27.6	0.8	4.5	33.7	Moderately Acidic
ERR1226483	ERS1040358	LL010B	SBSBC	British Columbia	LL	Forest Soil	16S rRNA	V1-V3	2008-07-09	0.3	780	3.3	1.2	0.1	4.8	19.3	Moderately Acidic
ERR1226484	ERS1040359	LL011B	SBSBC	British Columbia	LL	Forest Soil	16S rRNA	V1-V3	2008-07-09	0.3	780	3.3	1.2	0.1	4.8	19.3	Moderately Acidic
ERR1226485	ERS1040360	LL012B	SBSBC	British Columbia	LL	Forest Soil	16S rRNA	V1-V3	2008-07-09	0.3	780	3.3	1.2	0.1	4.8	19.3	Moderately Acidic
ERR1226486	ERS1040361	LL016B	SBSBC	British Columbia	LL	Forest Soil	16S rRNA	V1-V3	2008-07-09	0.3	780	3.3	1.7	0.1	5.1	20.9	Slightly Acidic
ERR1226487	ERS1040362	LL017B	SBSBC	British Columbia	LL	Forest Soil	16S rRNA	V1-V3	2008-07-09	0.3	780	3.3	1.7	0.1	5.1	20.9	Slightly Acidic
ERR1226488	ERS1040363	LL018B	SBSBC	British Columbia	LL	Forest Soil	16S rRNA	V1-V3	2008-07-09	0.3	780	3.3	1.7	0.1	5.1	20.9	Slightly Acidic
ERR1226489	ERS1040364	LL019B	SBSBC	British Columbia	LL	Forest Soil	16S rRNA	V1-V3	2008-07-09	0.1	780	3.3	36	0.8	4.6	43.8	Moderately Acidic
ERR1226490	ERS1040365	LL020B	SBSBC	British Columbia	LL	Forest Soil	16S rRNA	V1-V3	2008-07-09	0.1	780	3.3	36	0.8	4.6	43.8	Moderately Acidic
ERR1226491	ERS1040366	LL021B	SBSBC	British Columbia	LL	Forest Soil	16S rRNA	V1-V3	2008-07-09	0.1	780	3.3	36	0.8	4.6	43.8	Moderately Acidic
ERR1226492	ERS1040367	LL022B	SBSBC	British Columbia	LL	Forest Soil	16S rRNA	V1-V3	2008-07-09	0.3	780	3.3	1.2	0.1	4.6	23.4	Moderately Acidic
ERR1226493	ERS1040368	LL023B	SBSBC	British Columbia	LL	Forest Soil	16S rRNA	V1-V3	2008-07-09	0.3	780	3.3	1.2	0.1	4.6	23.4	Moderately Acidic
ERR1226494	ERS1040369	LL024B	SBSBC	British Columbia	LL	Forest Soil	16S rRNA	V1-V3	2008-07-09	0.3	780	3.3	1.2	0.1	4.6	23.4	Moderately Acidic
ERR1226495	ERS1040370	LL025B	SBSBC	British Columbia	LL	Forest Soil	16S rRNA	V1-V3	2008-07-09	0.1	780	3.3	27.5	0.8	4.5	34.8	Moderately Acidic
ERR1226496	ERS1040371	LL026B	SBSBC	British Columbia	LL	Forest Soil	16S rRNA	V1-V3	2008-07-09	0.1	780	3.3	27.5	0.8	4.5	34.8	Moderately Acidic
ERR1226497	ERS1040372	LL027B	SBSBC	British Columbia	LL	Forest Soil	16S rRNA	V1-V3	2008-07-09	0.1	780	3.3	27.5	0.8	4.5	34.8	Moderately Acidic
ERR1226498	ERS1040373	LL028B	SBSBC	British Columbia	LL	Forest Soil	16S rRNA	V1-V3	2008-07-09	0.3	780	3.3	1.5	0.1	4.9	21.1	Moderately Acidic
ERR1226499	ERS1040374	LL029B	SBSBC	British Columbia	LL	Forest Soil	16S rRNA	V1-V3	2008-07-09	0.3	780	3.3	1.5	0.1	4.9	21.1	Moderately Acidic
ERR1226500	ERS1040375	LL030B	SBSBC	British Columbia	LL	Forest Soil	16S rRNA	V1-V3	2008-07-09	0.3	780	3.3	1.5	0.1	4.9	21.1	Moderately Acidic
ERR1226501	ERS1040376	LL034B	SBSBC	British Columbia	LL	Forest Soil	16S rRNA	V1-V3	2008-07-09	0.3	780	3.3	1.3	0.1	4.8	21.8	Moderately Acidic
ERR1226502	ERS1040377	LL035B	SBSBC	British Columbia	LL	Forest Soil	16S rRNA	V1-V3	2008-07-09	0.3	780	3.3	1.3	0.1	4.8	21.8	Moderately Acidic
ERR1226503	ERS1040378	LL036B	SBSBC	British Columbia	LL	Forest Soil	16S rRNA	V1-V3	2008-07-09	0.3	780	3.3	1.3	0.1	4.8	21.8	Moderately Acidic
ERR1226504	ERS1040379	LL037B	SBSBC	British Columbia	LL	Forest Soil	16S rRNA	V1-V3	2008-07-09	0.1	780	3.3	31.3	1	4.7	31.9	Moderately Acidic
ERR1226505	ERS1040380	LL038B	SBSBC	British Columbia	LL	Forest Soil	16S rRNA	V1-V3	2008-07-09	0.1	780	3.3	31.3	1	4.7	31.9	Moderately Acidic
ERR1226506	ERS1040381	LL039B	SBSBC	British Columbia	LL	Forest Soil	16S rRNA	V1-V3	2008-07-09	0.1	780	3.3	31.3	1	4.7	31.9	Moderately Acidic
ERR1226507	ERS1040382	LL040B	SBSBC	British Columbia	LL	Forest Soil	16S rRNA	V1-V3	2008-07-09	0.3	780	3.3	1.9	0.1	5	20.6	Slightly Acidic
ERR1226508	ERS1040383	LL041B	SBSBC	British Columbia	LL	Forest Soil	16S rRNA	V1-V3	2008-07-09	0.3	780	3.3	1.2	0.1	5	16.7	Slightly Acidic
ERR1226509	ERS1040384	LL042B	SBSBC	British Columbia	LL	Forest Soil	16S rRNA	V1-V3	2008-07-09	0.3	780	3.3	1.4	0.1	5	17.5	Slightly Acidic
ERR1226510	ERS1040385	LL043B	SBSBC	British Columbia	LL	Forest Soil	16S rRNA	V1-V3	2008-07-09	0.1	780	3.3	30.2	0.8	4.4	36.8	Moderately Acidic
ERR1226511	ERS1040386	LL044B	SBSBC	British Columbia	LL	Forest Soil	16S rRNA	V1-V3	2008-07-09	0.1	780	3.3	30.2	0.8	4.4	36.8	Moderately Acidic
ERR1226512	ERS1040387	LL045B	SBSBC	British Columbia	LL	Forest Soil	16S rRNA	V1-V3	2008-07-09	0.1	780	3.3	30.2	0.8	4.4	36.8	Moderately Acidic
ERR1226513	ERS1040388	LL046B	SBSBC	British Columbia	LL	Forest Soil	16S rRNA	V1-V3	2008-07-09	0.3	780	3.3	1.6	0.1	5	21	Slightly Acidic
ERR1226514	ERS1040389	LL047B	SBSBC	British Columbia	LL	Forest Soil	16S rRNA	V1-V3	2008-07-09	0.3	780	3.3	1.6	0.1	5	21	Slightly Acidic
ERR1226515	ERS1040390	LL048B	SBSBC	British Columbia	LL	Forest Soil	16S rRNA	V1-V3	2008-07-09	0.3	780	3.3	1.6	0.1	5	21	Slightly Acidic
ERR1226516	ERS1040391	LL052B	SBSBC	British Columbia	LL	Forest Soil	16S rRNA	V1-V3	2008-07-09	0.3	780	3.3	1.4	0.1	5.1	22.8	Slightly Acidic
ERR1226517	ERS1040392	LL053B	SBSBC	British Columbia	LL	Forest Soil	16S rRNA	V1-V3	2008-07-09	0.3	780	3.3	1.4	0.1	5.1	22.8	Slightly Acidic
ERR1226518	ERS1040393	LL054B	SBSBC	British Columbia	LL	Forest Soil	16S rRNA	V1-V3	2008-07-09	0.3	780	3.3	1.4	0.1	5.1	22.8	Slightly Acidic
ERR1226519	ERS1040394	LL055B	SBSBC	British Columbia	LL	Forest Soil	16S rRNA	V1-V3	2008-07-09	0.1	780	3.3	37.799999999999997	1	4.4	36.4	Moderately Acidic
ERR1226520	ERS1040395	LL056B	SBSBC	British Columbia	LL	Forest Soil	16S rRNA	V1-V3	2008-07-09	0.1	780	3.3	37.799999999999997	1	4.4	36.4	Moderately Acidic
ERR1226521	ERS1040396	LL057B	SBSBC	British Columbia	LL	Forest Soil	16S rRNA	V1-V3	2008-07-09	0.1	780	3.3	37.799999999999997	1	4.4	36.4	Moderately Acidic
ERR1226522	ERS1040397	LL058B	SBSBC	British Columbia	LL	Forest Soil	16S rRNA	V1-V3	2008-07-09	0.3	780	3.3	1.6	0.1	4.9	22.3	Moderately Acidic
ERR1226523	ERS1040398	LL059B	SBSBC	British Columbia	LL	Forest Soil	16S rRNA	V1-V3	2008-07-09	0.3	780	3.3	1.6	0.1	4.9	22.3	Moderately Acidic
ERR1226524	ERS1040399	LL060B	SBSBC	British Columbia	LL	Forest Soil	16S rRNA	V1-V3	2008-07-09	0.3	780	3.3	1.6	0.1	4.9	22.3	Moderately Acidic
ERR1226525	ERS1040400	OC304B	IDFBC	British Columbia	OC	Forest Soil	16S rRNA	V1-V3	2010-06-26	0.3	1075	2.5	NA	NA	NA	NA	NA
ERR1226526	ERS1040401	OC305B	IDFBC	British Columbia	OC	Forest Soil	16S rRNA	V1-V3	2010-06-26	0.3	1075	2.5	NA	NA	NA	NA	NA
ERR1226527	ERS1040402	OC306B	IDFBC	British Columbia	OC	Forest Soil	16S rRNA	V1-V3	2010-06-26	0.3	1075	2.5	NA	NA	NA	NA	NA
ERR1226528	ERS1040403	OC307B	IDFBC	British Columbia	OC	Forest Soil	16S rRNA	V1-V3	2010-06-26	0.1	1075	2.5	NA	NA	NA	NA	NA
ERR1226529	ERS1040404	OC308B	IDFBC	British Columbia	OC	Forest Soil	16S rRNA	V1-V3	2010-06-26	0.1	1075	2.5	NA	NA	NA	NA	NA
ERR1226530	ERS1040405	OC309B	IDFBC	British Columbia	OC	Forest Soil	16S rRNA	V1-V3	2010-06-26	0.1	1075	2.5	NA	NA	NA	NA	NA
ERR1226531	ERS1040406	OC310B	IDFBC	British Columbia	OC	Forest Soil	16S rRNA	V1-V3	2010-06-26	0.3	1075	2.5	NA	NA	NA	NA	NA
ERR1226532	ERS1040407	OC311B	IDFBC	British Columbia	OC	Forest Soil	16S rRNA	V1-V3	2010-06-26	0.3	1075	2.5	NA	NA	NA	NA	NA
ERR1226533	ERS1040408	OC312B	IDFBC	British Columbia	OC	Forest Soil	16S rRNA	V1-V3	2010-06-26	0.3	1075	2.5	NA	NA	NA	NA	NA
ERR1226534	ERS1040409	OC313B	IDFBC	British Columbia	OC	Forest Soil	16S rRNA	V1-V3	2010-06-26	0.1	1075	2.5	NA	NA	NA	NA	NA
ERR1226535	ERS1040410	OC314B	IDFBC	British Columbia	OC	Forest Soil	16S rRNA	V1-V3	2010-06-26	0.1	1075	2.5	NA	NA	NA	NA	NA
ERR1226536	ERS1040411	OC315B	IDFBC	British Columbia	OC	Forest Soil	16S rRNA	V1-V3	2010-06-26	0.1	1075	2.5	NA	NA	NA	NA	NA
ERR1226537	ERS1040412	OC316B	IDFBC	British Columbia	OC	Forest Soil	16S rRNA	V1-V3	2010-06-26	0.3	1075	2.5	NA	NA	NA	NA	NA
ERR1226538	ERS1040413	OC317B	IDFBC	British Columbia	OC	Forest Soil	16S rRNA	V1-V3	2010-06-26	0.3	1075	2.5	NA	NA	NA	NA	NA
ERR1226539	ERS1040414	OC318B	IDFBC	British Columbia	OC	Forest Soil	16S rRNA	V1-V3	2010-06-26	0.3	1075	2.5	NA	NA	NA	NA	NA
ERR1226540	ERS1040415	OC319B	IDFBC	British Columbia	OC	Forest Soil	16S rRNA	V1-V3	2010-06-26	0.1	1075	2.5	NA	NA	NA	NA	NA
ERR1226541	ERS1040416	OC320B	IDFBC	British Columbia	OC	Forest Soil	16S rRNA	V1-V3	2010-06-26	0.1	1075	2.5	NA	NA	NA	NA	NA
ERR1226542	ERS1040417	OC321B	IDFBC	British Columbia	OC	Forest Soil	16S rRNA	V1-V3	2010-06-26	0.1	1075	2.5	NA	NA	NA	NA	NA
ERR1226543	ERS1040418	OC322B	IDFBC	British Columbia	OC	Forest Soil	16S rRNA	V1-V3	2010-06-26	0.3	1075	2.5	NA	NA	NA	NA	NA
ERR1226544	ERS1040419	OC323B	IDFBC	British Columbia	OC	Forest Soil	16S rRNA	V1-V3	2010-06-26	0.3	1075	2.5	NA	NA	NA	NA	NA
ERR1226545	ERS1040420	OC324B	IDFBC	British Columbia	OC	Forest Soil	16S rRNA	V1-V3	2010-06-26	0.3	1075	2.5	NA	NA	NA	NA	NA
ERR1226546	ERS1040421	OC325B	IDFBC	British Columbia	OC	Forest Soil	16S rRNA	V1-V3	2010-06-26	0.1	1075	2.5	NA	NA	NA	NA	NA
ERR1226547	ERS1040422	OC326B	IDFBC	British Columbia	OC	Forest Soil	16S rRNA	V1-V3	2010-06-26	0.1	1075	2.5	NA	NA	NA	NA	NA
ERR1226548	ERS1040423	OC327B	IDFBC	British Columbia	OC	Forest Soil	16S rRNA	V1-V3	2010-06-26	0.1	1075	2.5	NA	NA	NA	NA	NA
ERR1226549	ERS1040424	OC328B	IDFBC	British Columbia	OC	Forest Soil	16S rRNA	V1-V3	2010-06-26	0.3	1075	2.5	NA	NA	NA	NA	NA
ERR1226550	ERS1040425	OC329B	IDFBC	British Columbia	OC	Forest Soil	16S rRNA	V1-V3	2010-06-26	0.3	1075	2.5	NA	NA	NA	NA	NA
ERR1226551	ERS1040426	OC330B	IDFBC	British Columbia	OC	Forest Soil	16S rRNA	V1-V3	2010-06-26	0.3	1075	2.5	NA	NA	NA	NA	NA
ERR1226552	ERS1040427	OC331B	IDFBC	British Columbia	OC	Forest Soil	16S rRNA	V1-V3	2010-06-26	0.1	1075	2.5	NA	NA	NA	NA	NA
ERR1226553	ERS1040428	OC332B	IDFBC	British Columbia	OC	Forest Soil	16S rRNA	V1-V3	2010-06-26	0.1	1075	2.5	NA	NA	NA	NA	NA
ERR1226554	ERS1040429	OC333B	IDFBC	British Columbia	OC	Forest Soil	16S rRNA	V1-V3	2010-06-26	0.1	1075	2.5	NA	NA	NA	NA	NA
ERR1226555	ERS1040430	OC334B	IDFBC	British Columbia	OC	Forest Soil	16S rRNA	V1-V3	2010-06-26	0.3	1075	2.5	NA	NA	NA	NA	NA
ERR1226556	ERS1040431	OC335B	IDFBC	British Columbia	OC	Forest Soil	16S rRNA	V1-V3	2010-06-26	0.3	1075	2.5	NA	NA	NA	NA	NA
ERR1226557	ERS1040432	OC336B	IDFBC	British Columbia	OC	Forest Soil	16S rRNA	V1-V3	2010-06-26	0.3	1075	2.5	NA	NA	NA	NA	NA
ERR1226558	ERS1040433	OC340B	IDFBC	British Columbia	OC	Forest Soil	16S rRNA	V1-V3	2010-06-26	0.3	1075	2.5	NA	NA	NA	NA	NA
ERR1226559	ERS1040434	OC341B	IDFBC	British Columbia	OC	Forest Soil	16S rRNA	V1-V3	2010-06-26	0.3	1075	2.5	NA	NA	NA	NA	NA
ERR1226560	ERS1040435	OC342B	IDFBC	British Columbia	OC	Forest Soil	16S rRNA	V1-V3	2010-06-26	0.3	1075	2.5	NA	NA	NA	NA	NA
ERR1226561	ERS1040436	OC343B	IDFBC	British Columbia	OC	Forest Soil	16S rRNA	V1-V3	2010-06-26	0.1	1075	2.5	NA	NA	NA	NA	NA
ERR1226562	ERS1040437	OC344B	IDFBC	British Columbia	OC	Forest Soil	16S rRNA	V1-V3	2010-06-26	0.1	1075	2.5	NA	NA	NA	NA	NA
ERR1226563	ERS1040438	OC345B	IDFBC	British Columbia	OC	Forest Soil	16S rRNA	V1-V3	2010-06-26	0.1	1075	2.5	NA	NA	NA	NA	NA
ERR1226564	ERS1040439	OC346B	IDFBC	British Columbia	OC	Forest Soil	16S rRNA	V1-V3	2010-06-26	0.3	1075	2.5	NA	NA	NA	NA	NA
ERR1226565	ERS1040440	OC347B	IDFBC	British Columbia	OC	Forest Soil	16S rRNA	V1-V3	2010-06-26	0.3	1075	2.5	NA	NA	NA	NA	NA
ERR1226566	ERS1040441	OC348B	IDFBC	British Columbia	OC	Forest Soil	16S rRNA	V1-V3	2010-06-26	0.3	1075	2.5	NA	NA	NA	NA	NA
ERR1226567	ERS1040442	OC352B	IDFBC	British Columbia	OC	Forest Soil	16S rRNA	V1-V3	2010-06-26	0.3	1075	2.5	NA	NA	NA	NA	NA
ERR1226568	ERS1040443	OC353B	IDFBC	British Columbia	OC	Forest Soil	16S rRNA	V1-V3	2010-06-26	0.3	1075	2.5	NA	NA	NA	NA	NA
ERR1226569	ERS1040444	OC354B	IDFBC	British Columbia	OC	Forest Soil	16S rRNA	V1-V3	2010-06-26	0.3	1075	2.5	NA	NA	NA	NA	NA
ERR1226570	ERS1040445	OC355B	IDFBC	British Columbia	OC	Forest Soil	16S rRNA	V1-V3	2010-06-26	0.1	1075	2.5	NA	NA	NA	NA	NA
ERR1226571	ERS1040446	OC356B	IDFBC	British Columbia	OC	Forest Soil	16S rRNA	V1-V3	2010-06-26	0.1	1075	2.5	NA	NA	NA	NA	NA
ERR1226572	ERS1040447	OC357B	IDFBC	British Columbia	OC	Forest Soil	16S rRNA	V1-V3	2010-06-26	0.1	1075	2.5	NA	NA	NA	NA	NA
ERR1226573	ERS1040448	OC358B	IDFBC	British Columbia	OC	Forest Soil	16S rRNA	V1-V3	2010-06-26	0.3	1075	2.5	NA	NA	NA	NA	NA
ERR1226574	ERS1040449	OC359B	IDFBC	British Columbia	OC	Forest Soil	16S rRNA	V1-V3	2010-06-26	0.3	1075	2.5	NA	NA	NA	NA	NA
ERR1226575	ERS1040450	OC360B	IDFBC	British Columbia	OC	Forest Soil	16S rRNA	V1-V3	2010-06-26	0.3	1075	2.5	NA	NA	NA	NA	NA
ERR1226576	ERS1040451	SL121B	SBSBC	British Columbia	SL	Forest Soil	16S rRNA	V1-V3	2009-08-14	0.1	1050	3.8	20.7	0.6	5.2	35	Slightly Acidic
ERR1226577	ERS1040452	SL122B	SBSBC	British Columbia	SL	Forest Soil	16S rRNA	V1-V3	2009-08-14	0.1	1050	3.8	20.7	0.6	5.2	35	Slightly Acidic
ERR1226578	ERS1040453	SL123B	SBSBC	British Columbia	SL	Forest Soil	16S rRNA	V1-V3	2009-08-14	0.1	1050	3.8	20.7	0.6	5.2	35	Slightly Acidic
ERR1226579	ERS1040454	SL124B	SBSBC	British Columbia	SL	Forest Soil	16S rRNA	V1-V3	2009-08-14	0.3	1050	3.8	0.9	0.1	5.4	18.4	Slightly Acidic
ERR1226580	ERS1040455	SL125B	SBSBC	British Columbia	SL	Forest Soil	16S rRNA	V1-V3	2009-08-14	0.3	1050	3.8	0.9	0.1	5.4	18.4	Slightly Acidic
ERR1226581	ERS1040456	SL126B	SBSBC	British Columbia	SL	Forest Soil	16S rRNA	V1-V3	2009-08-14	0.3	1050	3.8	0.9	0.1	5.4	18.4	Slightly Acidic
ERR1226582	ERS1040457	SL127B	SBSBC	British Columbia	SL	Forest Soil	16S rRNA	V1-V3	2009-08-14	0.1	1050	3.8	22.3	0.6	5.1	38.4	Slightly Acidic
ERR1226583	ERS1040458	SL128B	SBSBC	British Columbia	SL	Forest Soil	16S rRNA	V1-V3	2009-08-14	0.1	1050	3.8	22.3	0.6	5.1	38.4	Slightly Acidic
ERR1226584	ERS1040459	SL129B	SBSBC	British Columbia	SL	Forest Soil	16S rRNA	V1-V3	2009-08-14	0.1	1050	3.8	22.3	0.6	5.1	38.4	Slightly Acidic
ERR1226585	ERS1040460	SL130B	SBSBC	British Columbia	SL	Forest Soil	16S rRNA	V1-V3	2009-08-14	0.3	1050	3.8	1	0.1	5.5	19.4	Slightly Acidic
ERR1226586	ERS1040461	SL131B	SBSBC	British Columbia	SL	Forest Soil	16S rRNA	V1-V3	2009-08-14	0.3	1050	3.8	1	0.1	5.5	19.4	Slightly Acidic
ERR1226587	ERS1040462	SL132B	SBSBC	British Columbia	SL	Forest Soil	16S rRNA	V1-V3	2009-08-14	0.3	1050	3.8	1	0.1	5.5	19.4	Slightly Acidic
ERR1226588	ERS1040463	SL133B	SBSBC	British Columbia	SL	Forest Soil	16S rRNA	V1-V3	2009-08-14	0.1	1050	3.8	18.8	0.5	5.3	36.2	Slightly Acidic
ERR1226589	ERS1040464	SL134B	SBSBC	British Columbia	SL	Forest Soil	16S rRNA	V1-V3	2009-08-14	0.1	1050	3.8	18.8	0.5	5.3	36.2	Slightly Acidic
ERR1226590	ERS1040465	SL135B	SBSBC	British Columbia	SL	Forest Soil	16S rRNA	V1-V3	2009-08-14	0.1	1050	3.8	18.8	0.5	5.3	36.2	Slightly Acidic
ERR1226591	ERS1040466	SL136B	SBSBC	British Columbia	SL	Forest Soil	16S rRNA	V1-V3	2009-08-14	0.3	1050	3.8	0.8	0.1	5.6	16.2	Slightly Acidic
ERR1226592	ERS1040467	SL137B	SBSBC	British Columbia	SL	Forest Soil	16S rRNA	V1-V3	2009-08-14	0.3	1050	3.8	0.8	0.1	5.6	16.2	Slightly Acidic
ERR1226593	ERS1040468	SL138B	SBSBC	British Columbia	SL	Forest Soil	16S rRNA	V1-V3	2009-08-14	0.3	1050	3.8	0.8	0.1	5.6	16.2	Slightly Acidic
ERR1226594	ERS1040469	SL139B	SBSBC	British Columbia	SL	Forest Soil	16S rRNA	V1-V3	2009-08-14	0.1	1050	3.8	17.5	0.5	5.2	34.3	Slightly Acidic
ERR1226595	ERS1040470	SL140B	SBSBC	British Columbia	SL	Forest Soil	16S rRNA	V1-V3	2009-08-14	0.1	1050	3.8	17.5	0.5	5.2	34.3	Slightly Acidic
ERR1226596	ERS1040471	SL141B	SBSBC	British Columbia	SL	Forest Soil	16S rRNA	V1-V3	2009-08-14	0.1	1050	3.8	17.5	0.5	5.2	34.3	Slightly Acidic
ERR1226597	ERS1040472	SL142B	SBSBC	British Columbia	SL	Forest Soil	16S rRNA	V1-V3	2009-08-14	0.3	1050	3.8	0.9	0.1	5.5	18.2	Slightly Acidic
ERR1226598	ERS1040473	SL143B	SBSBC	British Columbia	SL	Forest Soil	16S rRNA	V1-V3	2009-08-14	0.3	1050	3.8	0.9	0.1	5.5	18.2	Slightly Acidic
ERR1226599	ERS1040474	SL144B	SBSBC	British Columbia	SL	Forest Soil	16S rRNA	V1-V3	2009-08-14	0.3	1050	3.8	0.9	0.1	5.5	18.2	Slightly Acidic
ERR1226600	ERS1040475	SL145B	SBSBC	British Columbia	SL	Forest Soil	16S rRNA	V1-V3	2009-08-14	0.1	1050	3.8	19.899999999999999	0.5	5.4	39	Slightly Acidic
ERR1226601	ERS1040476	SL146B	SBSBC	British Columbia	SL	Forest Soil	16S rRNA	V1-V3	2009-08-14	0.1	1050	3.8	19.899999999999999	0.5	5.4	39	Slightly Acidic
ERR1226602	ERS1040477	SL147B	SBSBC	British Columbia	SL	Forest Soil	16S rRNA	V1-V3	2009-08-14	0.1	1050	3.8	19.899999999999999	0.5	5.4	39	Slightly Acidic
ERR1226603	ERS1040478	SL148B	SBSBC	British Columbia	SL	Forest Soil	16S rRNA	V1-V3	2009-08-14	0.3	1050	3.8	1.4	0.1	5.6	19.6	Slightly Acidic
ERR1226604	ERS1040479	SL149B	SBSBC	British Columbia	SL	Forest Soil	16S rRNA	V1-V3	2009-08-14	0.3	1050	3.8	1.4	0.1	5.6	19.6	Slightly Acidic
ERR1226605	ERS1040480	SL150B	SBSBC	British Columbia	SL	Forest Soil	16S rRNA	V1-V3	2009-08-14	0.3	1050	3.8	1.4	0.1	5.6	19.6	Slightly Acidic
ERR1226606	ERS1040481	SL152B	SBSBC	British Columbia	SL	Forest Soil	16S rRNA	V1-V3	2009-08-14	0.1	1050	3.8	17.899999999999999	0.5	5.2	33.2	Slightly Acidic
ERR1226607	ERS1040482	SL153B	SBSBC	British Columbia	SL	Forest Soil	16S rRNA	V1-V3	2009-08-14	0.1	1050	3.8	17.899999999999999	0.5	5.2	33.2	Slightly Acidic
ERR1226608	ERS1040483	SL154B	SBSBC	British Columbia	SL	Forest Soil	16S rRNA	V1-V3	2009-08-14	0.3	1050	3.8	1.1000000000000001	0.1	5.5	17.8	Slightly Acidic
ERR1226609	ERS1040484	SL155B	SBSBC	British Columbia	SL	Forest Soil	16S rRNA	V1-V3	2009-08-14	0.3	1050	3.8	1.1000000000000001	0.1	5.5	17.8	Slightly Acidic
ERR1226610	ERS1040485	SL156B	SBSBC	British Columbia	SL	Forest Soil	16S rRNA	V1-V3	2009-08-14	0.3	1050	3.8	1.1000000000000001	0.1	5.5	17.8	Slightly Acidic
ERR1226611	ERS1040486	SL160B	SBSBC	British Columbia	SL	Forest Soil	16S rRNA	V1-V3	2009-08-14	0.3	1050	3.8	0.9	0.1	5.6	18.2	Slightly Acidic
ERR1226612	ERS1040487	SL161B	SBSBC	British Columbia	SL	Forest Soil	16S rRNA	V1-V3	2009-08-14	0.3	1050	3.8	0.9	0.1	5.6	18.2	Slightly Acidic
ERR1226613	ERS1040488	SL162B	SBSBC	British Columbia	SL	Forest Soil	16S rRNA	V1-V3	2009-08-14	0.3	1050	3.8	0.9	0.1	5.6	18.2	Slightly Acidic
ERR1226614	ERS1040489	SL166B	SBSBC	British Columbia	SL	Forest Soil	16S rRNA	V1-V3	2009-08-14	0.3	1050	3.8	1.1000000000000001	0.1	5.5	18.2	Slightly Acidic
ERR1226615	ERS1040490	SL167B	SBSBC	British Columbia	SL	Forest Soil	16S rRNA	V1-V3	2009-08-14	0.3	1050	3.8	1.1000000000000001	0.1	5.5	18.2	Slightly Acidic
ERR1226616	ERS1040491	SL168B	SBSBC	British Columbia	SL	Forest Soil	16S rRNA	V1-V3	2009-08-14	0.3	1050	3.8	1.1000000000000001	0.1	5.5	18.2	Slightly Acidic
ERR1226617	ERS1040492	SL172B	SBSBC	British Columbia	SL	Forest Soil	16S rRNA	V1-V3	2009-08-14	0.3	1050	3.8	0.9	0.1	5.7	18	Slightly Acidic
ERR1226618	ERS1040493	SL173B	SBSBC	British Columbia	SL	Forest Soil	16S rRNA	V1-V3	2009-08-14	0.3	1050	3.8	0.9	0.1	5.7	18	Slightly Acidic
ERR1226619	ERS1040494	SL174B	SBSBC	British Columbia	SL	Forest Soil	16S rRNA	V1-V3	2009-08-14	0.3	1050	3.8	0.9	0.1	5.7	18	Slightly Acidic
ERR1226620	ERS1040495	SL175B	SBSBC	British Columbia	SL	Forest Soil	16S rRNA	V1-V3	2009-08-14	0.1	1050	3.8	18.899999999999999	0.6	5.4	33.7	Slightly Acidic
ERR1226621	ERS1040496	SL176B	SBSBC	British Columbia	SL	Forest Soil	16S rRNA	V1-V3	2009-08-14	0.1	1050	3.8	18.899999999999999	0.6	5.4	33.7	Slightly Acidic
ERR1226622	ERS1040497	SL177B	SBSBC	British Columbia	SL	Forest Soil	16S rRNA	V1-V3	2009-08-14	0.1	1050	3.8	18.899999999999999	0.6	5.4	33.7	Slightly Acidic
ERR1226623	ERS1040498	SL178B	SBSBC	British Columbia	SL	Forest Soil	16S rRNA	V1-V3	2009-08-14	0.3	1050	3.8	0.9	0.1	5.8	17.4	Slightly Acidic
ERR1226624	ERS1040499	SL179B	SBSBC	British Columbia	SL	Forest Soil	16S rRNA	V1-V3	2009-08-14	0.3	1050	3.8	0.9	0.1	5.8	17.4	Slightly Acidic
ERR1226625	ERS1040500	SL180B	SBSBC	British Columbia	SL	Forest Soil	16S rRNA	V1-V3	2009-08-14	0.3	1050	3.8	0.9	0.1	5.8	17.4	Slightly Acidic
ERR1226626	ERS1040501	TO061B	SBSBC	British Columbia	TO	Forest Soil	16S rRNA	V1-V3	2008-07-11	0.1	1100	1.7	33.5	1	5.1	32.5	Slightly Acidic
ERR1226627	ERS1040502	TO062B	SBSBC	British Columbia	TO	Forest Soil	16S rRNA	V1-V3	2008-07-11	0.1	1100	1.7	33.5	1	5.1	32.5	Slightly Acidic
ERR1226628	ERS1040503	TO063B	SBSBC	British Columbia	TO	Forest Soil	16S rRNA	V1-V3	2008-07-11	0.1	1100	1.7	33.5	1	5.1	32.5	Slightly Acidic
ERR1226629	ERS1040504	TO064B	SBSBC	British Columbia	TO	Forest Soil	16S rRNA	V1-V3	2008-07-11	0.3	1100	1.7	2.2000000000000002	0.1	5.7	21.6	Slightly Acidic
ERR1226630	ERS1040505	TO065B	SBSBC	British Columbia	TO	Forest Soil	16S rRNA	V1-V3	2008-07-11	0.3	1100	1.7	2.2000000000000002	0.1	5.7	21.6	Slightly Acidic
ERR1226631	ERS1040506	TO066B	SBSBC	British Columbia	TO	Forest Soil	16S rRNA	V1-V3	2008-07-11	0.3	1100	1.7	2.2000000000000002	0.1	5.7	21.6	Slightly Acidic
ERR1226632	ERS1040507	TO067B	SBSBC	British Columbia	TO	Forest Soil	16S rRNA	V1-V3	2008-07-11	0.1	1100	1.7	26.4	0.9	4.8	28.7	Moderately Acidic
ERR1226633	ERS1040508	TO068B	SBSBC	British Columbia	TO	Forest Soil	16S rRNA	V1-V3	2008-07-11	0.1	1100	1.7	26.4	0.9	4.8	28.7	Moderately Acidic
ERR1226634	ERS1040509	TO069B	SBSBC	British Columbia	TO	Forest Soil	16S rRNA	V1-V3	2008-07-11	0.1	1100	1.7	26.4	0.9	4.8	28.7	Moderately Acidic
ERR1226635	ERS1040510	TO070B	SBSBC	British Columbia	TO	Forest Soil	16S rRNA	V1-V3	2008-07-11	0.3	1100	1.7	3.3	0.2	5	20.3	Slightly Acidic
ERR1226636	ERS1040511	TO071B	SBSBC	British Columbia	TO	Forest Soil	16S rRNA	V1-V3	2008-07-11	0.3	1100	1.7	3.3	0.2	5	20.3	Slightly Acidic
ERR1226637	ERS1040512	TO072B	SBSBC	British Columbia	TO	Forest Soil	16S rRNA	V1-V3	2008-07-11	0.3	1100	1.7	3.3	0.2	5	20.3	Slightly Acidic
ERR1226638	ERS1040513	TO076B	SBSBC	British Columbia	TO	Forest Soil	16S rRNA	V1-V3	2008-07-11	0.3	1100	1.7	2.2000000000000002	0.1	5	24.3	Slightly Acidic
ERR1226639	ERS1040514	TO077B	SBSBC	British Columbia	TO	Forest Soil	16S rRNA	V1-V3	2008-07-11	0.3	1100	1.7	2.2000000000000002	0.1	5	24.3	Slightly Acidic
ERR1226640	ERS1040515	TO078B	SBSBC	British Columbia	TO	Forest Soil	16S rRNA	V1-V3	2008-07-11	0.3	1100	1.7	2.2000000000000002	0.1	5	24.3	Slightly Acidic
ERR1226641	ERS1040516	TO079B	SBSBC	British Columbia	TO	Forest Soil	16S rRNA	V1-V3	2008-07-11	0.1	1100	1.7	27.6	0.8	4.7	34.9	Moderately Acidic
ERR1226642	ERS1040517	TO080B	SBSBC	British Columbia	TO	Forest Soil	16S rRNA	V1-V3	2008-07-11	0.1	1100	1.7	27.6	0.8	4.7	34.9	Moderately Acidic
ERR1226643	ERS1040518	TO081B	SBSBC	British Columbia	TO	Forest Soil	16S rRNA	V1-V3	2008-07-11	0.1	1100	1.7	27.6	0.8	4.7	34.9	Moderately Acidic
ERR1226644	ERS1040519	TO082B	SBSBC	British Columbia	TO	Forest Soil	16S rRNA	V1-V3	2008-07-11	0.3	1100	1.7	1.9	0.1	4.9	21.1	Moderately Acidic
ERR1226645	ERS1040520	TO083B	SBSBC	British Columbia	TO	Forest Soil	16S rRNA	V1-V3	2008-07-11	0.3	1100	1.7	1.9	0.1	4.9	21.1	Moderately Acidic
ERR1226646	ERS1040521	TO084B	SBSBC	British Columbia	TO	Forest Soil	16S rRNA	V1-V3	2008-07-11	0.3	1100	1.7	1.9	0.1	4.9	21.1	Moderately Acidic
ERR1226647	ERS1040522	TO085B	SBSBC	British Columbia	TO	Forest Soil	16S rRNA	V1-V3	2008-07-11	0.1	1100	1.7	37.1	1.2	4.9	32	Moderately Acidic
ERR1226648	ERS1040523	TO086B	SBSBC	British Columbia	TO	Forest Soil	16S rRNA	V1-V3	2008-07-11	0.1	1100	1.7	37.1	1.2	4.9	32	Moderately Acidic
ERR1226649	ERS1040524	TO087B	SBSBC	British Columbia	TO	Forest Soil	16S rRNA	V1-V3	2008-07-11	0.1	1100	1.7	37.1	1.2	4.9	32	Moderately Acidic
ERR1226650	ERS1040525	TO088B	SBSBC	British Columbia	TO	Forest Soil	16S rRNA	V1-V3	2008-07-11	0.3	1100	1.7	1.9	0.1	4.9	21.6	Moderately Acidic
ERR1226651	ERS1040526	TO089B	SBSBC	British Columbia	TO	Forest Soil	16S rRNA	V1-V3	2008-07-11	0.3	1100	1.7	1.9	0.1	4.9	21.6	Moderately Acidic
ERR1226652	ERS1040527	TO090B	SBSBC	British Columbia	TO	Forest Soil	16S rRNA	V1-V3	2008-07-11	0.3	1100	1.7	1.9	0.1	4.9	21.6	Moderately Acidic
ERR1226653	ERS1040528	TO094B	SBSBC	British Columbia	TO	Forest Soil	16S rRNA	V1-V3	2008-07-11	0.3	1100	1.7	1.7	0.1	5.5	21	Slightly Acidic
ERR1226654	ERS1040529	TO095B	SBSBC	British Columbia	TO	Forest Soil	16S rRNA	V1-V3	2008-07-11	0.3	1100	1.7	1.7	0.1	5.5	21	Slightly Acidic
ERR1226655	ERS1040530	TO096B	SBSBC	British Columbia	TO	Forest Soil	16S rRNA	V1-V3	2008-07-11	0.3	1100	1.7	1.7	0.1	5.5	21	Slightly Acidic
ERR1226656	ERS1040531	TO097B	SBSBC	British Columbia	TO	Forest Soil	16S rRNA	V1-V3	2008-07-11	0.1	1100	1.7	35.6	0.9	5.1	37.9	Slightly Acidic
ERR1226657	ERS1040532	TO098B	SBSBC	British Columbia	TO	Forest Soil	16S rRNA	V1-V3	2008-07-11	0.1	1100	1.7	35.6	0.9	5.1	37.9	Slightly Acidic
ERR1226658	ERS1040533	TO099B	SBSBC	British Columbia	TO	Forest Soil	16S rRNA	V1-V3	2008-07-11	0.1	1100	1.7	35.6	0.9	5.1	37.9	Slightly Acidic
ERR1226659	ERS1040534	TO100B	SBSBC	British Columbia	TO	Forest Soil	16S rRNA	V1-V3	2008-07-11	0.3	1100	1.7	2.2999999999999998	0.1	5.2	20.7	Slightly Acidic
ERR1226660	ERS1040535	TO101B	SBSBC	British Columbia	TO	Forest Soil	16S rRNA	V1-V3	2008-07-11	0.3	1100	1.7	2.2999999999999998	0.1	5.2	20.7	Slightly Acidic
ERR1226661	ERS1040536	TO102B	SBSBC	British Columbia	TO	Forest Soil	16S rRNA	V1-V3	2008-07-11	0.3	1100	1.7	2.2999999999999998	0.1	5.2	20.7	Slightly Acidic
ERR1226662	ERS1040537	TO103B	SBSBC	British Columbia	TO	Forest Soil	16S rRNA	V1-V3	2008-07-11	0.1	1100	1.7	30.6	0.9	5.1	34.8	Slightly Acidic
ERR1226663	ERS1040538	TO104B	SBSBC	British Columbia	TO	Forest Soil	16S rRNA	V1-V3	2008-07-11	0.1	1100	1.7	30.6	0.9	5.1	34.8	Slightly Acidic
ERR1226664	ERS1040539	TO105B	SBSBC	British Columbia	TO	Forest Soil	16S rRNA	V1-V3	2008-07-11	0.1	1100	1.7	30.6	0.9	5.1	34.8	Slightly Acidic
ERR1226665	ERS1040540	TO106B	SBSBC	British Columbia	TO	Forest Soil	16S rRNA	V1-V3	2008-07-11	0.3	1100	1.7	3.1	0.2	5.1	19.6	Slightly Acidic
ERR1226666	ERS1040541	TO107B	SBSBC	British Columbia	TO	Forest Soil	16S rRNA	V1-V3	2008-07-11	0.3	1100	1.7	3.1	0.2	5.1	19.6	Slightly Acidic
ERR1226667	ERS1040542	TO108B	SBSBC	British Columbia	TO	Forest Soil	16S rRNA	V1-V3	2008-07-11	0.3	1100	1.7	3.1	0.2	5.1	19.6	Slightly Acidic
ERR1226668	ERS1040543	TO112B	SBSBC	British Columbia	TO	Forest Soil	16S rRNA	V1-V3	2008-07-11	0.3	1100	1.7	1.8	0.1	5.7	19.5	Slightly Acidic
ERR1226669	ERS1040544	TO113B	SBSBC	British Columbia	TO	Forest Soil	16S rRNA	V1-V3	2008-07-11	0.3	1100	1.7	1.8	0.1	5.7	19.5	Slightly Acidic
ERR1226670	ERS1040545	TO114B	SBSBC	British Columbia	TO	Forest Soil	16S rRNA	V1-V3	2008-07-11	0.3	1100	1.7	1.8	0.1	5.7	19.5	Slightly Acidic
ERR1226671	ERS1040546	TO115B	SBSBC	British Columbia	TO	Forest Soil	16S rRNA	V1-V3	2008-07-11	0.1	1100	1.7	44.8	1.1000000000000001	4.4	42.3	Moderately Acidic
ERR1226672	ERS1040547	TO116B	SBSBC	British Columbia	TO	Forest Soil	16S rRNA	V1-V3	2008-07-11	0.1	1100	1.7	44.8	1.1000000000000001	4.4	42.3	Moderately Acidic
ERR1226673	ERS1040548	TO117B	SBSBC	British Columbia	TO	Forest Soil	16S rRNA	V1-V3	2008-07-11	0.1	1100	1.7	44.8	1.1000000000000001	4.4	42.3	Moderately Acidic
ERR1226674	ERS1040549	TO118B	SBSBC	British Columbia	TO	Forest Soil	16S rRNA	V1-V3	2008-07-11	0.3	1100	1.7	1.1000000000000001	0.1	5	22.2	Slightly Acidic
ERR1226675	ERS1040550	TO119B	SBSBC	British Columbia	TO	Forest Soil	16S rRNA	V1-V3	2008-07-11	0.3	1100	1.7	1.1000000000000001	0.1	5	22.2	Slightly Acidic
ERR1226676	ERS1040551	TO120B	SBSBC	British Columbia	TO	Forest Soil	16S rRNA	V1-V3	2008-07-11	0.3	1100	1.7	1.1000000000000001	0.1	5	22.2	Slightly Acidic
ERR765586	ERS662612	A7001B	BSON	Ontario	A7	Forest Soil	16S rRNA	V1-V3	2011-07-03	0.1	445	2.4	42.5	1.1000000000000001	5.4	37.9	Slightly Acidic
ERR765587	ERS662613	A7002B	BSON	Ontario	A7	Forest Soil	16S rRNA	V1-V3	2011-07-03	0.3	445	2.4	0.6	0	5.7	16.3	Slightly Acidic
ERR765588	ERS662614	A7003B	BSON	Ontario	A7	Forest Soil	16S rRNA	V1-V3	2011-07-03	0.1	445	2.4	31.2	0.8	5.5	37.5	Slightly Acidic
ERR765589	ERS662615	A7004B	BSON	Ontario	A7	Forest Soil	16S rRNA	V1-V3	2011-07-03	0.3	445	2.4	1.2	0.1	6	20.1	Slightly Acidic
ERR765590	ERS662616	A7008B	BSON	Ontario	A7	Forest Soil	16S rRNA	V1-V3	2011-07-03	0.3	445	2.4	2.4	0.1	5.5	23.9	Slightly Acidic
ERR765591	ERS662617	A7009B	BSON	Ontario	A7	Forest Soil	16S rRNA	V1-V3	2011-07-03	0.1	445	2.4	34.9	0.9	4.4	39.8	Moderately Acidic
ERR765592	ERS662618	A7010B	BSON	Ontario	A7	Forest Soil	16S rRNA	V1-V3	2011-07-03	0.3	445	2.4	1.1000000000000001	0.1	5.6	19.8	Slightly Acidic
ERR765593	ERS662619	A7011B	BSON	Ontario	A7	Forest Soil	16S rRNA	V1-V3	2011-07-03	0.1	445	2.4	33.799999999999997	0.9	5.1	38.1	Slightly Acidic
ERR765594	ERS662620	A7012B	BSON	Ontario	A7	Forest Soil	16S rRNA	V1-V3	2011-07-03	0.3	445	2.4	1.4	0.1	5.7	21.5	Slightly Acidic
ERR765595	ERS662621	A7015B	BSON	Ontario	A7	Forest Soil	16S rRNA	V1-V3	2011-07-03	0.1	445	2.4	37.299999999999997	1	5.1	39.3	Slightly Acidic
ERR765596	ERS662622	A7016B	BSON	Ontario	A7	Forest Soil	16S rRNA	V1-V3	2011-07-03	0.3	445	2.4	2.5	0.1	5.5	21.3	Slightly Acidic
ERR765597	ERS662623	A7019B	BSON	Ontario	A7	Forest Soil	16S rRNA	V1-V3	2011-07-03	0.1	445	2.4	46.9	1.2	4.3	40.1	Moderately Acidic
ERR765598	ERS662624	A7020B	BSON	Ontario	A7	Forest Soil	16S rRNA	V1-V3	2011-07-03	0.3	445	2.4	2	0.1	5.5	21.6	Slightly Acidic
ERR765599	ERS662625	A7021B	BSON	Ontario	A7	Forest Soil	16S rRNA	V1-V3	2011-07-03	0.1	445	2.4	40.5	1.2	4.5	33.7	Moderately Acidic
ERR765600	ERS662626	A7022B	BSON	Ontario	A7	Forest Soil	16S rRNA	V1-V3	2011-07-03	0.3	445	2.4	1.2	0.1	5.6	24.2	Slightly Acidic
ERR765601	ERS662627	A7023B	BSON	Ontario	A7	Forest Soil	16S rRNA	V1-V3	2011-07-03	0.1	445	2.4	44.9	1.1000000000000001	4.5	42.1	Moderately Acidic
ERR765602	ERS662628	A7024B	BSON	Ontario	A7	Forest Soil	16S rRNA	V1-V3	2011-07-03	0.3	445	2.4	1.1000000000000001	0	5.8	27.3	Slightly Acidic
ERR765603	ERS662629	A7025B	BSON	Ontario	A7	Forest Soil	16S rRNA	V1-V3	2011-07-03	0.1	445	2.4	45	1.1000000000000001	4.3	40.6	Moderately Acidic
ERR765604	ERS662630	A7026B	BSON	Ontario	A7	Forest Soil	16S rRNA	V1-V3	2011-07-03	0.3	445	2.4	1.4	0.1	5.3	21.4	Slightly Acidic
ERR765605	ERS662631	A7027B	BSON	Ontario	A7	Forest Soil	16S rRNA	V1-V3	2011-07-03	0.1	445	2.4	44.7	1	4.4	44.4	Moderately Acidic
ERR765606	ERS662632	A7028B	BSON	Ontario	A7	Forest Soil	16S rRNA	V1-V3	2011-07-03	0.3	445	2.4	2.1	0.1	5.3	24.3	Slightly Acidic
ERR765607	ERS662633	A7029B	BSON	Ontario	A7	Forest Soil	16S rRNA	V1-V3	2011-07-03	0.1	445	2.4	40.700000000000003	1	4.2	40.2	Moderately Acidic
ERR765608	ERS662634	A7030B	BSON	Ontario	A7	Forest Soil	16S rRNA	V1-V3	2011-07-03	0.3	445	2.4	2.4	0.1	5.2	20.3	Slightly Acidic
ERR765609	ERS662635	A8031B	BSON	Ontario	A8	Forest Soil	16S rRNA	V1-V3	2011-07-04	0.1	450	1.8	41.4	1.2	4.6	35.4	Moderately Acidic
ERR765610	ERS662636	A8032B	BSON	Ontario	A8	Forest Soil	16S rRNA	V1-V3	2011-07-04	0.3	450	1.8	4.5	0.2	4.7	24.5	Moderately Acidic
ERR765611	ERS662637	A8035B	BSON	Ontario	A8	Forest Soil	16S rRNA	V1-V3	2011-07-04	0.1	450	1.8	32.299999999999997	0.8	5.1	38.4	Slightly Acidic
ERR765612	ERS662638	A8036B	BSON	Ontario	A8	Forest Soil	16S rRNA	V1-V3	2011-07-04	0.3	450	1.8	0.8	0	5.6	21.6	Slightly Acidic
ERR765614	ERS662640	A8038B	BSON	Ontario	A8	Forest Soil	16S rRNA	V1-V3	2011-07-04	0.3	450	1.8	1.3	0.1	5	20.8	Slightly Acidic
ERR765615	ERS662641	A8039B	BSON	Ontario	A8	Forest Soil	16S rRNA	V1-V3	2011-07-04	0.1	450	1.8	43.8	1.3	4.8	34.2	Moderately Acidic
ERR765616	ERS662642	A8040B	BSON	Ontario	A8	Forest Soil	16S rRNA	V1-V3	2011-07-04	0.3	450	1.8	1.6	0.1	5.4	21.6	Slightly Acidic
ERR765617	ERS662643	A8041B	BSON	Ontario	A8	Forest Soil	16S rRNA	V1-V3	2011-07-04	0.1	450	1.8	42	1.2	5	35.4	Slightly Acidic
ERR765618	ERS662644	A8042B	BSON	Ontario	A8	Forest Soil	16S rRNA	V1-V3	2011-07-04	0.3	450	1.8	2.1	0.1	5.2	20.9	Slightly Acidic
ERR765619	ERS662645	A8045B	BSON	Ontario	A8	Forest Soil	16S rRNA	V1-V3	2011-07-04	0.1	450	1.8	41.6	1.2	4.7	34.2	Moderately Acidic
ERR765620	ERS662646	A8046B	BSON	Ontario	A8	Forest Soil	16S rRNA	V1-V3	2011-07-04	0.3	450	1.8	2.1	0.1	5.3	21.7	Slightly Acidic
ERR765621	ERS662647	A8047B	BSON	Ontario	A8	Forest Soil	16S rRNA	V1-V3	2011-07-04	0.1	450	1.8	41.7	1.2	4.5	35.5	Moderately Acidic
ERR765622	ERS662648	A8048B	BSON	Ontario	A8	Forest Soil	16S rRNA	V1-V3	2011-07-04	0.3	450	1.8	0.9	0	5.4	23.6	Slightly Acidic
ERR765623	ERS662649	A8049B	BSON	Ontario	A8	Forest Soil	16S rRNA	V1-V3	2011-07-04	0.1	450	1.8	30.4	0.8	4.8	39.4	Moderately Acidic
ERR765624	ERS662650	A8050B	BSON	Ontario	A8	Forest Soil	16S rRNA	V1-V3	2011-07-04	0.3	450	1.8	1.3	0.1	5.7	20.3	Slightly Acidic
ERR765625	ERS662651	A8053B	BSON	Ontario	A8	Forest Soil	16S rRNA	V1-V3	2011-07-04	0.1	450	1.8	37.299999999999997	0.8	4.5	47.4	Moderately Acidic
ERR765626	ERS662652	A8054B	BSON	Ontario	A8	Forest Soil	16S rRNA	V1-V3	2011-07-04	0.3	450	1.8	1.7	0.1	5.4	23.7	Slightly Acidic
ERR765627	ERS662653	A8055B	BSON	Ontario	A8	Forest Soil	16S rRNA	V1-V3	2011-07-04	0.1	450	1.8	45.8	1.1000000000000001	4.1	41.8	Moderately Acidic
ERR765628	ERS662654	A8056B	BSON	Ontario	A8	Forest Soil	16S rRNA	V1-V3	2011-07-04	0.3	450	1.8	2.5	0.1	5.2	23.1	Slightly Acidic
ERR765629	ERS662655	A8057B	BSON	Ontario	A8	Forest Soil	16S rRNA	V1-V3	2011-07-04	0.1	450	1.8	44.3	1	4.7	43.8	Moderately Acidic
ERR765630	ERS662656	A8058B	BSON	Ontario	A8	Forest Soil	16S rRNA	V1-V3	2011-07-04	0.3	450	1.8	3.3	0.1	4.9	27.3	Moderately Acidic
ERR765631	ERS662657	A8059B	BSON	Ontario	A8	Forest Soil	16S rRNA	V1-V3	2011-07-04	0.1	450	1.8	45.7	1.1000000000000001	4.2	43.5	Moderately Acidic
ERR765632	ERS662658	A8060B	BSON	Ontario	A8	Forest Soil	16S rRNA	V1-V3	2011-07-04	0.3	450	1.8	1.7	0.1	5.2	18.4	Slightly Acidic
ERR765633	ERS662659	A9061B	BSON	Ontario	A9	Forest Soil	16S rRNA	V1-V3	2011-07-05	0.1	442	1.5	39.6	1.1000000000000001	5.2	34.6	Slightly Acidic
ERR765634	ERS662660	A9062B	BSON	Ontario	A9	Forest Soil	16S rRNA	V1-V3	2011-07-05	0.3	442	1.5	3.3	0.1	5.4	23.5	Slightly Acidic
ERR765635	ERS662661	A9063B	BSON	Ontario	A9	Forest Soil	16S rRNA	V1-V3	2011-07-05	0.1	442	1.5	35.299999999999997	1.1000000000000001	5.4	31.9	Slightly Acidic
ERR765636	ERS662662	A9064B	BSON	Ontario	A9	Forest Soil	16S rRNA	V1-V3	2011-07-05	0.3	442	1.5	2.2000000000000002	0.1	5.6	21.2	Slightly Acidic
ERR765637	ERS662663	A9067B	BSON	Ontario	A9	Forest Soil	16S rRNA	V1-V3	2011-07-05	0.1	442	1.5	32.6	0.9	5.4	37.2	Slightly Acidic
ERR765638	ERS662664	A9068B	BSON	Ontario	A9	Forest Soil	16S rRNA	V1-V3	2011-07-05	0.3	442	1.5	2.2999999999999998	0.1	5.8	18.3	Slightly Acidic
ERR765639	ERS662665	A9069B	BSON	Ontario	A9	Forest Soil	16S rRNA	V1-V3	2011-07-05	0.1	442	1.5	45.5	1.3	4.9	36.5	Moderately Acidic
ERR765640	ERS662666	A9070B	BSON	Ontario	A9	Forest Soil	16S rRNA	V1-V3	2011-07-05	0.3	442	1.5	0.7	0	5.8	17.5	Slightly Acidic
ERR765641	ERS662667	A9073B	BSON	Ontario	A9	Forest Soil	16S rRNA	V1-V3	2011-07-05	0.1	442	1.5	45.1	1.1000000000000001	5	40.2	Slightly Acidic
ERR765642	ERS662668	A9074B	BSON	Ontario	A9	Forest Soil	16S rRNA	V1-V3	2011-07-05	0.3	442	1.5	2.8	0.1	5.3	24.4	Slightly Acidic
ERR765643	ERS662669	A9075B	BSON	Ontario	A9	Forest Soil	16S rRNA	V1-V3	2011-07-05	0.1	442	1.5	42.7	0.9	4.9	47.4	Moderately Acidic
ERR765644	ERS662670	A9076B	BSON	Ontario	A9	Forest Soil	16S rRNA	V1-V3	2011-07-05	0.3	442	1.5	1.5	0.1	5.6	19.3	Slightly Acidic
ERR765645	ERS662671	A9077B	BSON	Ontario	A9	Forest Soil	16S rRNA	V1-V3	2011-07-05	0.1	442	1.5	27.7	0.7	5.8	40.1	Slightly Acidic
ERR765646	ERS662672	A9078B	BSON	Ontario	A9	Forest Soil	16S rRNA	V1-V3	2011-07-05	0.3	442	1.5	0.7	0	6	18.6	Slightly Acidic
ERR765647	ERS662673	A9081B	BSON	Ontario	A9	Forest Soil	16S rRNA	V1-V3	2011-07-05	0.1	442	1.5	13.4	0.3	5.3	46.2	Slightly Acidic
ERR765648	ERS662674	A9082B	BSON	Ontario	A9	Forest Soil	16S rRNA	V1-V3	2011-07-05	0.3	442	1.5	1.6	0.1	6.1	19.9	Slightly Acidic
ERR765649	ERS662675	A9083B	BSON	Ontario	A9	Forest Soil	16S rRNA	V1-V3	2011-07-05	0.1	442	1.5	29	0.9	5.4	30.9	Slightly Acidic
ERR765650	ERS662676	A9084B	BSON	Ontario	A9	Forest Soil	16S rRNA	V1-V3	2011-07-05	0.3	442	1.5	2.8	0.1	5.4	27.8	Slightly Acidic
ERR765651	ERS662677	A9085B	BSON	Ontario	A9	Forest Soil	16S rRNA	V1-V3	2011-07-05	0.1	442	1.5	43.9	1.2	4.8	35.7	Moderately Acidic
ERR765652	ERS662678	A9086B	BSON	Ontario	A9	Forest Soil	16S rRNA	V1-V3	2011-07-05	0.3	442	1.5	1.9	0.1	5.4	18.9	Slightly Acidic
ERR765653	ERS662679	A9087B	BSON	Ontario	A9	Forest Soil	16S rRNA	V1-V3	2011-07-05	0.1	442	1.5	45.5	1.1000000000000001	4.8	39.9	Moderately Acidic
ERR765654	ERS662680	A9088B	BSON	Ontario	A9	Forest Soil	16S rRNA	V1-V3	2011-07-05	0.3	442	1.5	1.4	0.1	5.9	20.1	Slightly Acidic
ERR765655	ERS662681	A9089B	BSON	Ontario	A9	Forest Soil	16S rRNA	V1-V3	2011-07-05	0.1	442	1.5	44.2	1	4.7	43.1	Moderately Acidic
ERR765656	ERS662682	A9090B	BSON	Ontario	A9	Forest Soil	16S rRNA	V1-V3	2011-07-05	0.3	442	1.5	1.2	0.1	5.6	22.3	Slightly Acidic
ERR765675	ERS662701	BL025B	PPCA	California	BL	Forest Soil	16S rRNA	V1-V3	2011-09-16	0.1	1350	11.2	NA	NA	4.8	NA	Moderately Acidic
ERR765676	ERS662702	BL026B	PPCA	California	BL	Forest Soil	16S rRNA	V1-V3	2011-09-16	0.3	1350	11.2	5.5	0.3	5.7	19.8	Slightly Acidic
ERR765677	ERS662703	BL027B	PPCA	California	BL	Forest Soil	16S rRNA	V1-V3	2011-09-16	0.1	1350	11.2	NA	NA	4.9	NA	Moderately Acidic
ERR765678	ERS662704	BL028B	PPCA	California	BL	Forest Soil	16S rRNA	V1-V3	2011-09-16	0.3	1350	11.2	5.5	0.3	5.9	19.8	Slightly Acidic
ERR765679	ERS662705	BL029B	PPCA	California	BL	Forest Soil	16S rRNA	V1-V3	2011-09-16	0.1	1350	11.2	NA	NA	4.7	NA	Moderately Acidic
ERR765680	ERS662706	BL030B	PPCA	California	BL	Forest Soil	16S rRNA	V1-V3	2011-09-16	0.3	1350	11.2	5.5	0.3	5.9	19.8	Slightly Acidic
ERR765681	ERS662707	BL031B	PPCA	California	BL	Forest Soil	16S rRNA	V1-V3	2011-09-16	0.1	1350	11.2	NA	NA	5.7	NA	Slightly Acidic
ERR765682	ERS662708	BL032B	PPCA	California	BL	Forest Soil	16S rRNA	V1-V3	2011-09-16	0.3	1350	11.2	5.4	0.3	5.8	20.6	Slightly Acidic
ERR765683	ERS662709	BL033B	PPCA	California	BL	Forest Soil	16S rRNA	V1-V3	2011-09-16	0.1	1350	11.2	NA	NA	5.2	NA	Slightly Acidic
ERR765684	ERS662710	BL034B	PPCA	California	BL	Forest Soil	16S rRNA	V1-V3	2011-09-16	0.3	1350	11.2	5.4	0.3	5.3	20.6	Slightly Acidic
ERR765685	ERS662711	BL035B	PPCA	California	BL	Forest Soil	16S rRNA	V1-V3	2011-09-16	0.1	1350	11.2	NA	NA	5.1	NA	Slightly Acidic
ERR765686	ERS662712	BL036B	PPCA	California	BL	Forest Soil	16S rRNA	V1-V3	2011-09-16	0.3	1350	11.2	5.4	0.3	5.7	20.6	Slightly Acidic
ERR765687	ERS662713	BL037B	PPCA	California	BL	Forest Soil	16S rRNA	V1-V3	2011-09-16	0.1	1350	11.2	NA	NA	5.2	NA	Slightly Acidic
ERR765688	ERS662714	BL038B	PPCA	California	BL	Forest Soil	16S rRNA	V1-V3	2011-09-16	0.3	1350	11.2	5.3	0.3	5.4	18.9	Slightly Acidic
ERR765689	ERS662715	BL039B	PPCA	California	BL	Forest Soil	16S rRNA	V1-V3	2011-09-16	0.1	1350	11.2	NA	NA	5.3	NA	Slightly Acidic
ERR765690	ERS662716	BL040B	PPCA	California	BL	Forest Soil	16S rRNA	V1-V3	2011-09-16	0.3	1350	11.2	5.3	0.3	5.9	18.9	Slightly Acidic
ERR765691	ERS662717	BL041B	PPCA	California	BL	Forest Soil	16S rRNA	V1-V3	2011-09-16	0.1	1350	11.2	NA	NA	5.1	NA	Slightly Acidic
ERR765692	ERS662718	BL042B	PPCA	California	BL	Forest Soil	16S rRNA	V1-V3	2011-09-16	0.3	1350	11.2	5.3	0.3	5.4	18.9	Slightly Acidic
ERR765693	ERS662719	BL043B	PPCA	California	BL	Forest Soil	16S rRNA	V1-V3	2011-09-16	0.1	1350	11.2	NA	NA	4.5	NA	Moderately Acidic
ERR765694	ERS662720	BL044B	PPCA	California	BL	Forest Soil	16S rRNA	V1-V3	2011-09-16	0.3	1350	11.2	6.3	0.3	5.5	20.3	Slightly Acidic
ERR765695	ERS662721	BL045B	PPCA	California	BL	Forest Soil	16S rRNA	V1-V3	2011-09-16	0.1	1350	11.2	NA	NA	5.3	NA	Slightly Acidic
ERR765696	ERS662722	BL046B	PPCA	California	BL	Forest Soil	16S rRNA	V1-V3	2011-09-16	0.3	1350	11.2	6.3	0.3	5.5	20.3	Slightly Acidic
ERR765697	ERS662723	BL047B	PPCA	California	BL	Forest Soil	16S rRNA	V1-V3	2011-09-16	0.1	1350	11.2	NA	NA	4.9	NA	Moderately Acidic
ERR765698	ERS662724	BL048B	PPCA	California	BL	Forest Soil	16S rRNA	V1-V3	2011-09-16	0.3	1350	11.2	6.3	0.3	6	20.3	Slightly Acidic
ERR765699	ERS662725	BR049B	PPCA	California	BR	Forest Soil	16S rRNA	V1-V3	2011-06-22	0.1	1135	11.2	41.6	1.6	5.4	25.5	Slightly Acidic
ERR765700	ERS662726	BR050B	PPCA	California	BR	Forest Soil	16S rRNA	V1-V3	2011-06-22	0.3	1135	11.2	8.5	0.3	5.9	25.3	Slightly Acidic
ERR765701	ERS662727	BR051B	PPCA	California	BR	Forest Soil	16S rRNA	V1-V3	2011-06-22	0.1	1135	11.2	38.6	1.4	4.3	27	Moderately Acidic
ERR765702	ERS662728	BR052B	PPCA	California	BR	Forest Soil	16S rRNA	V1-V3	2011-06-22	0.3	1135	11.2	7.8	0.3	5.2	25.1	Slightly Acidic
ERR765703	ERS662729	BR053B	PPCA	California	BR	Forest Soil	16S rRNA	V1-V3	2011-06-22	0.1	1135	11.2	39	1.3	4.4	30.4	Moderately Acidic
ERR765704	ERS662730	BR054B	PPCA	California	BR	Forest Soil	16S rRNA	V1-V3	2011-06-22	0.3	1135	11.2	6.2	0.2	5.3	24.9	Slightly Acidic
ERR765705	ERS662731	BR055B	PPCA	California	BR	Forest Soil	16S rRNA	V1-V3	2011-06-22	0.1	1135	11.2	26.4	1.1000000000000001	5.7	23.6	Slightly Acidic
ERR765706	ERS662732	BR056B	PPCA	California	BR	Forest Soil	16S rRNA	V1-V3	2011-06-22	0.3	1135	11.2	5.7	0.3	6.1	20.9	Slightly Acidic
ERR765707	ERS662733	BR057B	PPCA	California	BR	Forest Soil	16S rRNA	V1-V3	2011-06-22	0.1	1135	11.2	35.1	1.2	5	28.1	Slightly Acidic
ERR765708	ERS662734	BR058B	PPCA	California	BR	Forest Soil	16S rRNA	V1-V3	2011-06-22	0.3	1135	11.2	5.7	0.3	6.3	20.9	Slightly Acidic
ERR765709	ERS662735	BR059B	PPCA	California	BR	Forest Soil	16S rRNA	V1-V3	2011-06-22	0.1	1135	11.2	27.8	1.2	5.9	24	Slightly Acidic
ERR765710	ERS662736	BR060B	PPCA	California	BR	Forest Soil	16S rRNA	V1-V3	2011-06-22	0.3	1135	11.2	5.7	0.3	6.1	20.9	Slightly Acidic
ERR765711	ERS662737	BR061B	PPCA	California	BR	Forest Soil	16S rRNA	V1-V3	2011-06-22	0.1	1135	11.2	16.399999999999999	0.6	5.8	27.1	Slightly Acidic
ERR765712	ERS662738	BR062B	PPCA	California	BR	Forest Soil	16S rRNA	V1-V3	2011-06-22	0.3	1135	11.2	6.7	0.3	5.5	20.7	Slightly Acidic
ERR765713	ERS662739	BR063B	PPCA	California	BR	Forest Soil	16S rRNA	V1-V3	2011-06-22	0.1	1135	11.2	19.2	0.7	4.8	26.8	Moderately Acidic
ERR765714	ERS662740	BR064B	PPCA	California	BR	Forest Soil	16S rRNA	V1-V3	2011-06-22	0.3	1135	11.2	5.9	0.3	5.4	19.1	Slightly Acidic
ERR765715	ERS662741	BR065B	PPCA	California	BR	Forest Soil	16S rRNA	V1-V3	2011-06-22	0.1	1135	11.2	27.1	1.1000000000000001	5.6	25.1	Slightly Acidic
ERR765716	ERS662742	BR066B	PPCA	California	BR	Forest Soil	16S rRNA	V1-V3	2011-06-22	0.3	1135	11.2	6.1	0.3	5.8	19.1	Slightly Acidic
ERR765717	ERS662743	BR067B	PPCA	California	BR	Forest Soil	16S rRNA	V1-V3	2011-06-22	0.1	1135	11.2	39.200000000000003	1.2	5	31.6	Slightly Acidic
ERR765718	ERS662744	BR068B	PPCA	California	BR	Forest Soil	16S rRNA	V1-V3	2011-06-22	0.3	1135	11.2	6.7	0.3	6	23.4	Slightly Acidic
ERR765719	ERS662745	BR069B	PPCA	California	BR	Forest Soil	16S rRNA	V1-V3	2011-06-22	0.1	1135	11.2	33.299999999999997	1.4	6.3	23.7	Slightly Acidic
ERR765720	ERS662746	BR070B	PPCA	California	BR	Forest Soil	16S rRNA	V1-V3	2011-06-22	0.3	1135	11.2	8	0.4	6.7	20	Neutral
ERR765721	ERS662747	BR071B	PPCA	California	BR	Forest Soil	16S rRNA	V1-V3	2011-06-22	0.1	1135	11.2	42.8	1.4	5.6	30.7	Slightly Acidic
ERR765722	ERS662748	BR072B	PPCA	California	BR	Forest Soil	16S rRNA	V1-V3	2011-06-22	0.3	1135	11.2	7	0.3	6.3	22.4	Slightly Acidic
ERR765723	ERS662749	JE085B	JPON	Ontario	JE	Forest Soil	16S rRNA	V1-V3	2011-08-03	0.1	490	2.8	41.5	1.3	3.7	34.6	Moderately Acidic
ERR765724	ERS662750	JE086B	JPON	Ontario	JE	Forest Soil	16S rRNA	V1-V3	2011-08-03	0.3	490	2.8	2.6	0.2	5	15.9	Slightly Acidic
ERR765725	ERS662751	JE087B	JPON	Ontario	JE	Forest Soil	16S rRNA	V1-V3	2011-08-03	0.1	490	2.8	41.5	1.3	3.7	34.6	Moderately Acidic
ERR765726	ERS662752	JE088B	JPON	Ontario	JE	Forest Soil	16S rRNA	V1-V3	2011-08-03	0.3	490	2.8	2.6	0.2	5	15.9	Slightly Acidic
ERR765727	ERS662753	JE090B	JPON	Ontario	JE	Forest Soil	16S rRNA	V1-V3	2011-08-03	0.3	490	2.8	3	0.2	5	16.4	Slightly Acidic
ERR765728	ERS662754	JE092B	JPON	Ontario	JE	Forest Soil	16S rRNA	V1-V3	2011-08-03	0.3	490	2.8	3	0.2	5	16.4	Slightly Acidic
ERR765729	ERS662755	JE093B	JPON	Ontario	JE	Forest Soil	16S rRNA	V1-V3	2011-08-03	0.1	490	2.8	40.5	1.3	3.7	32.3	Moderately Acidic
ERR765730	ERS662756	JE094B	JPON	Ontario	JE	Forest Soil	16S rRNA	V1-V3	2011-08-03	0.3	490	2.8	2.9	0.2	5	15.9	Slightly Acidic
ERR765731	ERS662757	JE095B	JPON	Ontario	JE	Forest Soil	16S rRNA	V1-V3	2011-08-03	0.1	490	2.8	40.5	1.3	3.7	32.3	Moderately Acidic
ERR765732	ERS662758	JE096B	JPON	Ontario	JE	Forest Soil	16S rRNA	V1-V3	2011-08-03	0.3	490	2.8	2.9	0.2	5	15.9	Slightly Acidic
ERR765733	ERS662759	JE098B	JPON	Ontario	JE	Forest Soil	16S rRNA	V1-V3	2011-08-03	0.3	490	2.8	1.9	0.1	5.2	13.6	Slightly Acidic
ERR765734	ERS662760	JE100B	JPON	Ontario	JE	Forest Soil	16S rRNA	V1-V3	2011-08-03	0.3	490	2.8	1.9	0.1	5.2	13.6	Slightly Acidic
ERR765735	ERS662761	JE101B	JPON	Ontario	JE	Forest Soil	16S rRNA	V1-V3	2011-08-03	0.1	490	2.8	38.5	1.2	3.6	32.7	Moderately Acidic
ERR765736	ERS662762	JE102B	JPON	Ontario	JE	Forest Soil	16S rRNA	V1-V3	2011-08-03	0.3	490	2.8	2.1	0.2	5.1	13.5	Slightly Acidic
ERR765737	ERS662763	JE103B	JPON	Ontario	JE	Forest Soil	16S rRNA	V1-V3	2011-08-03	0.1	490	2.8	38.5	1.2	3.6	32.7	Moderately Acidic
ERR765738	ERS662764	JE104B	JPON	Ontario	JE	Forest Soil	16S rRNA	V1-V3	2011-08-03	0.3	490	2.8	2.1	0.2	5.1	13.5	Slightly Acidic
ERR765739	ERS662765	JE105B	JPON	Ontario	JE	Forest Soil	16S rRNA	V1-V3	2011-08-03	0.1	490	2.8	41.4	1.3	3.8	33.8	Moderately Acidic
ERR765740	ERS662766	JE106B	JPON	Ontario	JE	Forest Soil	16S rRNA	V1-V3	2011-08-03	0.3	490	2.8	2.4	0.2	5.1	13.9	Slightly Acidic
ERR765741	ERS662767	JE107B	JPON	Ontario	JE	Forest Soil	16S rRNA	V1-V3	2011-08-03	0.1	490	2.8	41.4	1.3	3.8	33.8	Moderately Acidic
ERR765742	ERS662768	JE108B	JPON	Ontario	JE	Forest Soil	16S rRNA	V1-V3	2011-08-03	0.3	490	2.8	2.4	0.2	5.1	13.9	Slightly Acidic
ERR765743	ERS662769	JE110B	JPON	Ontario	JE	Forest Soil	16S rRNA	V1-V3	2011-08-03	0.3	490	2.8	1.9	0.1	5.2	13.9	Slightly Acidic
ERR765744	ERS662770	JE112B	JPON	Ontario	JE	Forest Soil	16S rRNA	V1-V3	2011-08-03	0.3	490	2.8	1.9	0.1	5.2	13.9	Slightly Acidic
ERR765745	ERS662771	JE113B	JPON	Ontario	JE	Forest Soil	16S rRNA	V1-V3	2011-08-03	0.1	490	2.8	41.6	1.4	3.7	31.6	Moderately Acidic
ERR765746	ERS662772	JE114B	JPON	Ontario	JE	Forest Soil	16S rRNA	V1-V3	2011-08-03	0.3	490	2.8	2.6	0.2	5	16.1	Slightly Acidic
ERR765747	ERS662773	JE115B	JPON	Ontario	JE	Forest Soil	16S rRNA	V1-V3	2011-08-03	0.1	490	2.8	41.6	1.4	3.7	31.6	Moderately Acidic
ERR765748	ERS662774	JE116B	JPON	Ontario	JE	Forest Soil	16S rRNA	V1-V3	2011-08-03	0.3	490	2.8	2.6	0.2	5	16.1	Slightly Acidic
ERR765749	ERS662775	JE117B	JPON	Ontario	JE	Forest Soil	16S rRNA	V1-V3	2011-08-03	0.1	490	2.8	39.6	1.3	3.8	33.5	Moderately Acidic
ERR765750	ERS662776	JE118B	JPON	Ontario	JE	Forest Soil	16S rRNA	V1-V3	2011-08-03	0.3	490	2.8	2.5	0.2	4.9	15.3	Moderately Acidic
ERR765751	ERS662777	JE119B	JPON	Ontario	JE	Forest Soil	16S rRNA	V1-V3	2011-08-03	0.1	490	2.8	39.6	1.3	3.8	33.5	Moderately Acidic
ERR765752	ERS662778	JE120B	JPON	Ontario	JE	Forest Soil	16S rRNA	V1-V3	2011-08-03	0.3	490	2.8	2.5	0.2	4.9	15.3	Moderately Acidic
ERR765753	ERS662779	JE121B	JPON	Ontario	JE	Forest Soil	16S rRNA	V1-V3	2011-08-03	0.1	490	2.8	43.2	1.4	3.6	30.8	Moderately Acidic
ERR765754	ERS662780	JE122B	JPON	Ontario	JE	Forest Soil	16S rRNA	V1-V3	2011-08-03	0.3	490	2.8	2.4	0.2	4.9	16.4	Moderately Acidic
ERR765755	ERS662781	JE123B	JPON	Ontario	JE	Forest Soil	16S rRNA	V1-V3	2011-08-03	0.1	490	2.8	38.1	1.2	3.7	30.8	Moderately Acidic
ERR765756	ERS662782	JE124B	JPON	Ontario	JE	Forest Soil	16S rRNA	V1-V3	2011-08-03	0.3	490	2.8	2.8	0.2	4.9	17.8	Moderately Acidic
ERR765757	ERS662783	JE125B	JPON	Ontario	JE	Forest Soil	16S rRNA	V1-V3	2011-08-03	0.1	490	2.8	38.9	1.3	3.6	29.8	Moderately Acidic
ERR765758	ERS662784	JE126B	JPON	Ontario	JE	Forest Soil	16S rRNA	V1-V3	2011-08-03	0.3	490	2.8	1.7	0.1	4.8	16.4	Moderately Acidic
ERR765759	ERS662785	JS043B	JPON	Ontario	JS	Forest Soil	16S rRNA	V1-V3	2011-08-04	0.1	426	1.7	44.5	1.1000000000000001	4	39.6	Moderately Acidic
ERR765760	ERS662786	JS044B	JPON	Ontario	JS	Forest Soil	16S rRNA	V1-V3	2011-08-04	0.3	426	1.7	0.8	0	5.2	27.1	Slightly Acidic
ERR765761	ERS662787	JS045B	JPON	Ontario	JS	Forest Soil	16S rRNA	V1-V3	2011-08-04	0.1	426	1.7	44.5	1.1000000000000001	4	39.6	Moderately Acidic
ERR765762	ERS662788	JS046B	JPON	Ontario	JS	Forest Soil	16S rRNA	V1-V3	2011-08-04	0.3	426	1.7	0.8	0	5.2	27.1	Slightly Acidic
ERR765763	ERS662789	JS048B	JPON	Ontario	JS	Forest Soil	16S rRNA	V1-V3	2011-08-04	0.3	426	1.7	0.4	0	5.5	26.6	Slightly Acidic
ERR765764	ERS662790	JS050B	JPON	Ontario	JS	Forest Soil	16S rRNA	V1-V3	2011-08-04	0.3	426	1.7	0.4	0	5.5	26.6	Slightly Acidic
ERR765765	ERS662791	JS051B	JPON	Ontario	JS	Forest Soil	16S rRNA	V1-V3	2011-08-04	0.1	426	1.7	43.1	1.1000000000000001	3.9	38.9	Moderately Acidic
ERR765766	ERS662792	JS052B	JPON	Ontario	JS	Forest Soil	16S rRNA	V1-V3	2011-08-04	0.3	426	1.7	0.6	0	5.3	26	Slightly Acidic
ERR765767	ERS662793	JS053B	JPON	Ontario	JS	Forest Soil	16S rRNA	V1-V3	2011-08-04	0.1	426	1.7	43.1	1.1000000000000001	3.9	38.9	Moderately Acidic
ERR765768	ERS662794	JS054B	JPON	Ontario	JS	Forest Soil	16S rRNA	V1-V3	2011-08-04	0.3	426	1.7	0.6	0	5.3	26	Slightly Acidic
ERR765769	ERS662795	JS056B	JPON	Ontario	JS	Forest Soil	16S rRNA	V1-V3	2011-08-04	0.3	426	1.7	12.7	0.3	5.1	31.3	Slightly Acidic
ERR765770	ERS662796	JS058B	JPON	Ontario	JS	Forest Soil	16S rRNA	V1-V3	2011-08-04	0.3	426	1.7	12.7	0.3	5.1	31.3	Slightly Acidic
ERR765771	ERS662797	JS059B	JPON	Ontario	JS	Forest Soil	16S rRNA	V1-V3	2011-08-04	0.1	426	1.7	42.7	1	4	42.6	Moderately Acidic
ERR765772	ERS662798	JS060B	JPON	Ontario	JS	Forest Soil	16S rRNA	V1-V3	2011-08-04	0.3	426	1.7	1.2	0.1	5.3	25.6	Slightly Acidic
ERR765773	ERS662799	JS061B	JPON	Ontario	JS	Forest Soil	16S rRNA	V1-V3	2011-08-04	0.1	426	1.7	NA	NA	NA	NA	NA
ERR765774	ERS662800	JS062B	JPON	Ontario	JS	Forest Soil	16S rRNA	V1-V3	2011-08-04	0.3	426	1.7	1.2	0.1	5.3	25.6	Slightly Acidic
ERR765775	ERS662801	JS063B	JPON	Ontario	JS	Forest Soil	16S rRNA	V1-V3	2011-08-04	0.1	426	1.7	46.5	1.2	4.1	40.7	Moderately Acidic
ERR765776	ERS662802	JS064B	JPON	Ontario	JS	Forest Soil	16S rRNA	V1-V3	2011-08-04	0.3	426	1.7	1	0	5.2	24.1	Slightly Acidic
ERR765777	ERS662803	JS065B	JPON	Ontario	JS	Forest Soil	16S rRNA	V1-V3	2011-08-04	0.1	426	1.7	46.5	1.2	4.1	40.7	Moderately Acidic
ERR765778	ERS662804	JS066B	JPON	Ontario	JS	Forest Soil	16S rRNA	V1-V3	2011-08-04	0.3	426	1.7	1	0	5.2	24.1	Slightly Acidic
ERR765779	ERS662805	JS068B	JPON	Ontario	JS	Forest Soil	16S rRNA	V1-V3	2011-08-04	0.3	426	1.7	0.8	0	5.2	26.8	Slightly Acidic
ERR765780	ERS662806	JS072B	JPON	Ontario	JS	Forest Soil	16S rRNA	V1-V3	2011-08-04	0.3	426	1.7	0.4	0	5.3	24.1	Slightly Acidic
ERR765781	ERS662807	JS074B	JPON	Ontario	JS	Forest Soil	16S rRNA	V1-V3	2011-08-04	0.3	426	1.7	0.4	0	5.3	24.1	Slightly Acidic
ERR765782	ERS662808	JS075B	JPON	Ontario	JS	Forest Soil	16S rRNA	V1-V3	2011-08-04	0.1	426	1.7	43.4	1.1000000000000001	3.9	40	Moderately Acidic
ERR765783	ERS662809	JS076B	JPON	Ontario	JS	Forest Soil	16S rRNA	V1-V3	2011-08-04	0.3	426	1.7	0.8	0	5.3	23	Slightly Acidic
ERR765784	ERS662810	JS077B	JPON	Ontario	JS	Forest Soil	16S rRNA	V1-V3	2011-08-04	0.1	426	1.7	43.4	1.1000000000000001	3.9	40	Moderately Acidic
ERR765785	ERS662811	JS078B	JPON	Ontario	JS	Forest Soil	16S rRNA	V1-V3	2011-08-04	0.3	426	1.7	0.8	0	5.3	23	Slightly Acidic
ERR765786	ERS662812	JS079B	JPON	Ontario	JS	Forest Soil	16S rRNA	V1-V3	2011-08-04	0.1	426	1.7	45.7	1.3	3.7	36.6	Moderately Acidic
ERR765787	ERS662813	JS080B	JPON	Ontario	JS	Forest Soil	16S rRNA	V1-V3	2011-08-04	0.3	426	1.7	1	0.1	5.2	16.4	Slightly Acidic
ERR765788	ERS662814	JS082B	JPON	Ontario	JS	Forest Soil	16S rRNA	V1-V3	2011-08-04	0.3	426	1.7	1	0	5.1	23.8	Slightly Acidic
ERR765789	ERS662815	JS083B	JPON	Ontario	JS	Forest Soil	16S rRNA	V1-V3	2011-08-04	0.1	426	1.7	44.6	1.2	3.6	35.9	Moderately Acidic
ERR765790	ERS662816	JS084B	JPON	Ontario	JS	Forest Soil	16S rRNA	V1-V3	2011-08-04	0.3	426	1.7	1.2	0.1	5	23.2	Slightly Acidic
ERR765791	ERS662817	JW002B	JPON	Ontario	JW	Forest Soil	16S rRNA	V1-V3	2011-07-07	0.3	228	4.4	2.2000000000000002	0.1	5.4	17.8	Slightly Acidic
ERR765792	ERS662818	JW003B	JPON	Ontario	JW	Forest Soil	16S rRNA	V1-V3	2011-07-07	0.1	228	4.4	38.299999999999997	1.1000000000000001	4.1	37.3	Moderately Acidic
ERR765793	ERS662819	JW004B	JPON	Ontario	JW	Forest Soil	16S rRNA	V1-V3	2011-07-07	0.3	228	4.4	2.2000000000000002	0.1	5.4	17.8	Slightly Acidic
ERR765794	ERS662820	JW005B	JPON	Ontario	JW	Forest Soil	16S rRNA	V1-V3	2011-07-07	0.1	228	4.4	36.4	1.1000000000000001	4.2	33	Moderately Acidic
ERR765795	ERS662821	JW006B	JPON	Ontario	JW	Forest Soil	16S rRNA	V1-V3	2011-07-07	0.3	228	4.4	2.7	0.2	5.3	16	Slightly Acidic
ERR765796	ERS662822	JW007B	JPON	Ontario	JW	Forest Soil	16S rRNA	V1-V3	2011-07-07	0.1	228	4.4	36.4	1.1000000000000001	4.2	33	Moderately Acidic
ERR765797	ERS662823	JW008B	JPON	Ontario	JW	Forest Soil	16S rRNA	V1-V3	2011-07-07	0.3	228	4.4	2.7	0.2	5.3	16	Slightly Acidic
ERR765798	ERS662824	JW010B	JPON	Ontario	JW	Forest Soil	16S rRNA	V1-V3	2011-07-07	0.3	228	4.4	1.5	0.1	5.5	15.6	Slightly Acidic
ERR765799	ERS662825	JW012B	JPON	Ontario	JW	Forest Soil	16S rRNA	V1-V3	2011-07-07	0.3	228	4.4	1.5	0.1	5.5	15.6	Slightly Acidic
ERR765800	ERS662826	JW013B	JPON	Ontario	JW	Forest Soil	16S rRNA	V1-V3	2011-07-07	0.1	228	4.4	38.1	1.1000000000000001	4.1	36.6	Moderately Acidic
ERR765801	ERS662827	JW014B	JPON	Ontario	JW	Forest Soil	16S rRNA	V1-V3	2011-07-07	0.3	228	4.4	1.5	0.1	5.5	15.6	Slightly Acidic
ERR765802	ERS662828	JW015B	JPON	Ontario	JW	Forest Soil	16S rRNA	V1-V3	2011-07-07	0.1	228	4.4	36.9	1.2	4.2	30.8	Moderately Acidic
ERR765803	ERS662829	JW016B	JPON	Ontario	JW	Forest Soil	16S rRNA	V1-V3	2011-07-07	0.3	228	4.4	2.6	0.2	5.4	16.2	Slightly Acidic
ERR765804	ERS662830	JW017B	JPON	Ontario	JW	Forest Soil	16S rRNA	V1-V3	2011-07-07	0.1	228	4.4	36.9	1.2	4.2	30.8	Moderately Acidic
ERR765805	ERS662831	JW018B	JPON	Ontario	JW	Forest Soil	16S rRNA	V1-V3	2011-07-07	0.3	228	4.4	2.6	0.2	5.4	16.2	Slightly Acidic
ERR765806	ERS662832	JW019B	JPON	Ontario	JW	Forest Soil	16S rRNA	V1-V3	2011-07-07	0.1	228	4.4	36.9	1.2	4.2	30.8	Moderately Acidic
ERR765807	ERS662833	JW020B	JPON	Ontario	JW	Forest Soil	16S rRNA	V1-V3	2011-07-07	0.3	228	4.4	2.6	0.2	5.4	16.2	Slightly Acidic
ERR765808	ERS662834	JW021B	JPON	Ontario	JW	Forest Soil	16S rRNA	V1-V3	2011-07-07	0.1	228	4.4	34.6	1.1000000000000001	4.1	30.1	Moderately Acidic
ERR765809	ERS662835	JW022B	JPON	Ontario	JW	Forest Soil	16S rRNA	V1-V3	2011-07-07	0.3	228	4.4	3.1	0.2	5.3	14.8	Slightly Acidic
ERR765810	ERS662836	JW023B	JPON	Ontario	JW	Forest Soil	16S rRNA	V1-V3	2011-07-07	0.1	228	4.4	34.6	1.1000000000000001	4.1	30.1	Moderately Acidic
ERR765811	ERS662837	JW024B	JPON	Ontario	JW	Forest Soil	16S rRNA	V1-V3	2011-07-07	0.3	228	4.4	3.1	0.2	5.3	14.8	Slightly Acidic
ERR765812	ERS662838	JW026B	JPON	Ontario	JW	Forest Soil	16S rRNA	V1-V3	2011-07-07	0.3	228	4.4	3.1	0.2	4.1	14.8	Moderately Acidic
ERR765813	ERS662839	JW027B	JPON	Ontario	JW	Forest Soil	16S rRNA	V1-V3	2011-07-07	0.1	228	4.4	33.799999999999997	1	4.4	32.8	Moderately Acidic
ERR765814	ERS662840	JW028B	JPON	Ontario	JW	Forest Soil	16S rRNA	V1-V3	2011-07-07	0.3	228	4.4	3.3	0.3	5.3	13.6	Slightly Acidic
ERR765815	ERS662841	JW029B	JPON	Ontario	JW	Forest Soil	16S rRNA	V1-V3	2011-07-07	0.1	228	4.4	33.799999999999997	1	4.4	32.8	Moderately Acidic
ERR765816	ERS662842	JW030B	JPON	Ontario	JW	Forest Soil	16S rRNA	V1-V3	2011-07-07	0.3	228	4.4	3.3	0.3	5.3	13.6	Slightly Acidic
ERR765817	ERS662843	JW031B	JPON	Ontario	JW	Forest Soil	16S rRNA	V1-V3	2011-07-07	0.1	228	4.4	37.6	1.1000000000000001	4	33.6	Moderately Acidic
ERR765818	ERS662844	JW032B	JPON	Ontario	JW	Forest Soil	16S rRNA	V1-V3	2011-07-07	0.3	228	4.4	3	0.4	5.1	13.9	Slightly Acidic
ERR765819	ERS662845	JW033B	JPON	Ontario	JW	Forest Soil	16S rRNA	V1-V3	2011-07-07	0.1	228	4.4	37.6	1.1000000000000001	4	33.6	Moderately Acidic
ERR765820	ERS662846	JW034B	JPON	Ontario	JW	Forest Soil	16S rRNA	V1-V3	2011-07-07	0.3	228	4.4	3	0.4	5.1	13.9	Slightly Acidic
ERR765821	ERS662847	JW035B	JPON	Ontario	JW	Forest Soil	16S rRNA	V1-V3	2011-07-07	0.1	228	4.4	35.200000000000003	1.1000000000000001	4.3	32.5	Moderately Acidic
ERR765822	ERS662848	JW036B	JPON	Ontario	JW	Forest Soil	16S rRNA	V1-V3	2011-07-07	0.3	228	4.4	2.7	0.5	5.4	11.1	Slightly Acidic
ERR765823	ERS662849	JW037B	JPON	Ontario	JW	Forest Soil	16S rRNA	V1-V3	2011-07-07	0.1	228	4.4	35.200000000000003	1.1000000000000001	4.3	32.5	Moderately Acidic
ERR765824	ERS662850	JW038B	JPON	Ontario	JW	Forest Soil	16S rRNA	V1-V3	2011-07-07	0.3	228	4.4	2.7	0.5	5.4	11.1	Slightly Acidic
ERR765825	ERS662851	JW040B	JPON	Ontario	JW	Forest Soil	16S rRNA	V1-V3	2011-07-07	0.3	228	4.4	1.3	0.6	5.4	9.8	Slightly Acidic
ERR765826	ERS662852	JW042B	JPON	Ontario	JW	Forest Soil	16S rRNA	V1-V3	2011-07-07	0.3	228	4.4	1.3	0.6	5.4	9.8	Slightly Acidic
ERR765827	ERS662853	LH001B	PPCA	California	LH	Forest Soil	16S rRNA	V1-V3	2011-09-16	0.1	1268	11.2	44.8	1	3.7	44.4	Moderately Acidic
ERR765828	ERS662854	LH002B	PPCA	California	LH	Forest Soil	16S rRNA	V1-V3	2011-09-16	0.3	1268	11.2	4.8	0.2	5.2	29.6	Slightly Acidic
ERR765829	ERS662855	LH003B	PPCA	California	LH	Forest Soil	16S rRNA	V1-V3	2011-09-16	0.1	1268	11.2	43.3	0.9	3.6	46.4	Moderately Acidic
ERR765830	ERS662856	LH004B	PPCA	California	LH	Forest Soil	16S rRNA	V1-V3	2011-09-16	0.3	1268	11.2	6.5	0.2	5.3	32.8	Slightly Acidic
ERR765831	ERS662857	LH005B	PPCA	California	LH	Forest Soil	16S rRNA	V1-V3	2011-09-16	0.1	1268	11.2	40.4	1.1000000000000001	3.9	35.4	Moderately Acidic
ERR765832	ERS662858	LH006B	PPCA	California	LH	Forest Soil	16S rRNA	V1-V3	2011-09-16	0.3	1268	11.2	4.8	0.2	5.5	25.2	Slightly Acidic
ERR765833	ERS662859	LH007B	PPCA	California	LH	Forest Soil	16S rRNA	V1-V3	2011-09-16	0.1	1268	11.2	25.8	0.8	4.6	34.2	Moderately Acidic
ERR765834	ERS662860	LH008B	PPCA	California	LH	Forest Soil	16S rRNA	V1-V3	2011-09-16	0.3	1268	11.2	3.6	0.2	6	22.3	Slightly Acidic
ERR765835	ERS662861	LH009B	PPCA	California	LH	Forest Soil	16S rRNA	V1-V3	2011-09-16	0.1	1268	11.2	33.799999999999997	1	4.5	33.6	Moderately Acidic
ERR765836	ERS662862	LH010B	PPCA	California	LH	Forest Soil	16S rRNA	V1-V3	2011-09-16	0.3	1268	11.2	3.6	0.2	5.9	22.3	Slightly Acidic
ERR765837	ERS662863	LH011B	PPCA	California	LH	Forest Soil	16S rRNA	V1-V3	2011-09-16	0.1	1268	11.2	29.1	0.8	4.2	34.8	Moderately Acidic
ERR765838	ERS662864	LH012B	PPCA	California	LH	Forest Soil	16S rRNA	V1-V3	2011-09-16	0.3	1268	11.2	3.6	0.2	5.7	22.3	Slightly Acidic
ERR765839	ERS662865	LH013B	PPCA	California	LH	Forest Soil	16S rRNA	V1-V3	2011-09-16	0.1	1268	11.2	36.4	1.1000000000000001	5.1	34.1	Slightly Acidic
ERR765840	ERS662866	LH014B	PPCA	California	LH	Forest Soil	16S rRNA	V1-V3	2011-09-16	0.3	1268	11.2	3.9	0.2	5	21.6	Slightly Acidic
ERR765841	ERS662867	LH015B	PPCA	California	LH	Forest Soil	16S rRNA	V1-V3	2011-09-16	0.1	1268	11.2	NA	NA	5.8	NA	Slightly Acidic
ERR765842	ERS662868	LH016B	PPCA	California	LH	Forest Soil	16S rRNA	V1-V3	2011-09-16	0.3	1268	11.2	4.3	0.2	6.3	19.2	Slightly Acidic
ERR765843	ERS662869	LH017B	PPCA	California	LH	Forest Soil	16S rRNA	V1-V3	2011-09-16	0.1	1268	11.2	39.5	0.9	5	42.1	Slightly Acidic
ERR765844	ERS662870	LH018B	PPCA	California	LH	Forest Soil	16S rRNA	V1-V3	2011-09-16	0.3	1268	11.2	3.6	0.2	6	20.3	Slightly Acidic
ERR765845	ERS662871	LH019B	PPCA	California	LH	Forest Soil	16S rRNA	V1-V3	2011-09-16	0.1	1268	11.2	39.700000000000003	1.3	5.6	31	Slightly Acidic
ERR765846	ERS662872	LH020B	PPCA	California	LH	Forest Soil	16S rRNA	V1-V3	2011-09-16	0.3	1268	11.2	4.0999999999999996	0.2	6.6	19.1	Neutral
ERR765847	ERS662873	LH021B	PPCA	California	LH	Forest Soil	16S rRNA	V1-V3	2011-09-16	0.1	1268	11.2	31.3	0.9	4.9	35.1	Moderately Acidic
ERR765848	ERS662874	LH022B	PPCA	California	LH	Forest Soil	16S rRNA	V1-V3	2011-09-16	0.3	1268	11.2	4.5999999999999996	0.2	6.1	21.6	Slightly Acidic
ERR765849	ERS662875	LH023B	PPCA	California	LH	Forest Soil	16S rRNA	V1-V3	2011-09-16	0.1	1268	11.2	43	1.3	5.7	32	Slightly Acidic
ERR765850	ERS662876	LH024B	PPCA	California	LH	Forest Soil	16S rRNA	V1-V3	2011-09-16	0.3	1268	11.2	5.6	0.3	6.5	22.5	Neutral
ERR765851	ERS662877	TXA001B	LPTX	Texas	TXA	Forest Soil	16S rRNA	V1-V3	2012-03-12	0.3	88	19	1.1000000000000001	0.1	5	18.5	Slightly Acidic
ERR765852	ERS662878	TXA002B	LPTX	Texas	TXA	Forest Soil	16S rRNA	V1-V3	2012-03-12	0.3	88	19	1.1000000000000001	0.1	4.7	18.5	Moderately Acidic
ERR765853	ERS662879	TXA003B	LPTX	Texas	TXA	Forest Soil	16S rRNA	V1-V3	2012-03-12	0.3	88	19	1.1000000000000001	0.1	4.6	18.5	Moderately Acidic
ERR765854	ERS662880	TXA004B	LPTX	Texas	TXA	Forest Soil	16S rRNA	V1-V3	2012-03-12	0.1	88	19	12.6	0.5	4.7	26.7	Moderately Acidic
ERR765855	ERS662881	TXA005B	LPTX	Texas	TXA	Forest Soil	16S rRNA	V1-V3	2012-03-12	0.1	88	19	11.5	0.4	4.7	28.7	Moderately Acidic
ERR765856	ERS662882	TXA006B	LPTX	Texas	TXA	Forest Soil	16S rRNA	V1-V3	2012-03-12	0.1	88	19	8.8000000000000007	0.4	5	23.7	Slightly Acidic
ERR765857	ERS662883	TXA007B	LPTX	Texas	TXA	Forest Soil	16S rRNA	V1-V3	2012-03-12	0.3	88	19	1.1000000000000001	0.1	4.7	18.5	Moderately Acidic
ERR765858	ERS662884	TXA008B	LPTX	Texas	TXA	Forest Soil	16S rRNA	V1-V3	2012-03-12	0.3	88	19	1.1000000000000001	0.1	4.8	18.5	Moderately Acidic
ERR765859	ERS662885	TXA009B	LPTX	Texas	TXA	Forest Soil	16S rRNA	V1-V3	2012-03-12	0.3	88	19	1.1000000000000001	0.1	5.1	18.5	Slightly Acidic
ERR765860	ERS662886	TXA010B	LPTX	Texas	TXA	Forest Soil	16S rRNA	V1-V3	2012-03-12	0.1	88	19	NA	NA	4.8	NA	Moderately Acidic
ERR765861	ERS662887	TXA011B	LPTX	Texas	TXA	Forest Soil	16S rRNA	V1-V3	2012-03-12	0.1	88	19	NA	NA	4.3	NA	Moderately Acidic
ERR765862	ERS662888	TXA012B	LPTX	Texas	TXA	Forest Soil	16S rRNA	V1-V3	2012-03-12	0.1	88	19	NA	NA	4.8	NA	Moderately Acidic
ERR765863	ERS662889	TXA013B	LPTX	Texas	TXA	Forest Soil	16S rRNA	V1-V3	2012-03-12	0.3	88	19	1.2	0.1	4.6	23.9	Moderately Acidic
ERR765864	ERS662890	TXA014B	LPTX	Texas	TXA	Forest Soil	16S rRNA	V1-V3	2012-03-12	0.3	88	19	1.2	0.1	5	23.9	Slightly Acidic
ERR765865	ERS662891	TXA015B	LPTX	Texas	TXA	Forest Soil	16S rRNA	V1-V3	2012-03-12	0.3	88	19	1.2	0.1	4.3	23.9	Moderately Acidic
ERR765866	ERS662892	TXA016B	LPTX	Texas	TXA	Forest Soil	16S rRNA	V1-V3	2012-03-12	0.1	88	19	22.6	0.8	4.5	28	Moderately Acidic
ERR765867	ERS662893	TXA017B	LPTX	Texas	TXA	Forest Soil	16S rRNA	V1-V3	2012-03-12	0.1	88	19	13.1	0.6	5.7	23.2	Slightly Acidic
ERR765868	ERS662894	TXA018B	LPTX	Texas	TXA	Forest Soil	16S rRNA	V1-V3	2012-03-12	0.1	88	19	NA	NA	5.28	NA	Slightly Acidic
ERR765869	ERS662895	TXA019B	LPTX	Texas	TXA	Forest Soil	16S rRNA	V1-V3	2012-03-12	0.3	88	19	1.2	0.1	4.6	23.9	Moderately Acidic
ERR765870	ERS662896	TXA021B	LPTX	Texas	TXA	Forest Soil	16S rRNA	V1-V3	2012-03-12	0.3	88	19	1.2	0.1	5.1	23.9	Slightly Acidic
ERR765871	ERS662897	TXA022B	LPTX	Texas	TXA	Forest Soil	16S rRNA	V1-V3	2012-03-12	0.1	88	19	NA	NA	4.5	NA	Moderately Acidic
ERR765872	ERS662898	TXA023B	LPTX	Texas	TXA	Forest Soil	16S rRNA	V1-V3	2012-03-12	0.1	88	19	NA	NA	4.1	NA	Moderately Acidic
ERR765873	ERS662899	TXA024B	LPTX	Texas	TXA	Forest Soil	16S rRNA	V1-V3	2012-03-12	0.1	88	19	NA	NA	4.6	NA	Moderately Acidic
ERR765874	ERS662900	TXA025B	LPTX	Texas	TXA	Forest Soil	16S rRNA	V1-V3	2012-03-12	0.3	88	19	0.8	0	4.6	17.8	Moderately Acidic
ERR765875	ERS662901	TXA026B	LPTX	Texas	TXA	Forest Soil	16S rRNA	V1-V3	2012-03-12	0.3	88	19	0.8	0	4.5	17.8	Moderately Acidic
ERR765876	ERS662902	TXA027B	LPTX	Texas	TXA	Forest Soil	16S rRNA	V1-V3	2012-03-12	0.3	88	19	0.8	0	4.4	17.8	Moderately Acidic
ERR765877	ERS662903	TXA028B	LPTX	Texas	TXA	Forest Soil	16S rRNA	V1-V3	2012-03-12	0.1	88	19	9.9	0.4	NA	24.4	NA
ERR765878	ERS662904	TXA029B	LPTX	Texas	TXA	Forest Soil	16S rRNA	V1-V3	2012-03-12	0.1	88	19	NA	NA	4.67	NA	Moderately Acidic
ERR765879	ERS662905	TXA030B	LPTX	Texas	TXA	Forest Soil	16S rRNA	V1-V3	2012-03-12	0.1	88	19	13.5	0.5	4.4	29.3	Moderately Acidic
ERR765880	ERS662906	TXA031B	LPTX	Texas	TXA	Forest Soil	16S rRNA	V1-V3	2012-03-12	0.3	88	19	0.8	0	5.3	17.8	Slightly Acidic
ERR765881	ERS662907	TXA032B	LPTX	Texas	TXA	Forest Soil	16S rRNA	V1-V3	2012-03-12	0.3	88	19	0.8	0	4.6	17.8	Moderately Acidic
ERR765882	ERS662908	TXA033B	LPTX	Texas	TXA	Forest Soil	16S rRNA	V1-V3	2012-03-12	0.3	88	19	0.8	0	4.5	17.8	Moderately Acidic
ERR765883	ERS662909	TXA034B	LPTX	Texas	TXA	Forest Soil	16S rRNA	V1-V3	2012-03-12	0.1	88	19	NA	NA	4.5	NA	Moderately Acidic
ERR765884	ERS662910	TXA035B	LPTX	Texas	TXA	Forest Soil	16S rRNA	V1-V3	2012-03-12	0.1	88	19	NA	NA	4.5	NA	Moderately Acidic
ERR765885	ERS662911	TXA036B	LPTX	Texas	TXA	Forest Soil	16S rRNA	V1-V3	2012-03-12	0.1	88	19	NA	NA	4.5	NA	Moderately Acidic
ERR765886	ERS662912	TXA037B	LPTX	Texas	TXA	Forest Soil	16S rRNA	V1-V3	2012-03-12	0.3	88	19	NA	NA	NA	NA	NA
ERR765887	ERS662913	TXA038B	LPTX	Texas	TXA	Forest Soil	16S rRNA	V1-V3	2012-03-12	0.3	88	19	NA	NA	NA	NA	NA
ERR765888	ERS662914	TXA039B	LPTX	Texas	TXA	Forest Soil	16S rRNA	V1-V3	2012-03-12	0.3	88	19	NA	NA	NA	NA	NA
ERR765889	ERS662915	TXA040B	LPTX	Texas	TXA	Forest Soil	16S rRNA	V1-V3	2012-03-12	0.1	88	19	17.600000000000001	0.6	4.7	31	Moderately Acidic
ERR765890	ERS662916	TXA041B	LPTX	Texas	TXA	Forest Soil	16S rRNA	V1-V3	2012-03-12	0.1	88	19	21	0.7	4.4	28	Moderately Acidic
ERR765891	ERS662917	TXA042B	LPTX	Texas	TXA	Forest Soil	16S rRNA	V1-V3	2012-03-12	0.1	88	19	16.899999999999999	0.6	4.3	27.2	Moderately Acidic
ERR765892	ERS662918	TXB043B	LPTX	Texas	TXB	Forest Soil	16S rRNA	V1-V3	2012-03-12	0.3	88	19	0.9	0.1	5.1	15.5	Slightly Acidic
ERR765893	ERS662919	TXB044B	LPTX	Texas	TXB	Forest Soil	16S rRNA	V1-V3	2012-03-12	0.3	88	19	0.9	0.1	5.5	15.5	Slightly Acidic
ERR765894	ERS662920	TXB045B	LPTX	Texas	TXB	Forest Soil	16S rRNA	V1-V3	2012-03-12	0.3	88	19	0.9	0.1	4.9	15.5	Moderately Acidic
ERR765895	ERS662921	TXB046B	LPTX	Texas	TXB	Forest Soil	16S rRNA	V1-V3	2012-03-12	0.1	88	19	12.8	0.5	5	28	Slightly Acidic
ERR765896	ERS662922	TXB047B	LPTX	Texas	TXB	Forest Soil	16S rRNA	V1-V3	2012-03-12	0.1	88	19	11.3	0.5	4.9	25	Moderately Acidic
ERR765897	ERS662923	TXB048B	LPTX	Texas	TXB	Forest Soil	16S rRNA	V1-V3	2012-03-12	0.1	88	19	9	0.4	5	25.2	Slightly Acidic
ERR765898	ERS662924	TXB049B	LPTX	Texas	TXB	Forest Soil	16S rRNA	V1-V3	2012-03-12	0.3	88	19	0.9	0.1	5	15.5	Slightly Acidic
ERR765899	ERS662925	TXB050B	LPTX	Texas	TXB	Forest Soil	16S rRNA	V1-V3	2012-03-12	0.3	88	19	0.9	0.1	4.7	15.5	Moderately Acidic
ERR765900	ERS662926	TXB051B	LPTX	Texas	TXB	Forest Soil	16S rRNA	V1-V3	2012-03-12	0.3	88	19	0.9	0.1	4.8	15.5	Moderately Acidic
ERR765901	ERS662927	TXB052B	LPTX	Texas	TXB	Forest Soil	16S rRNA	V1-V3	2012-03-12	0.1	88	19	NA	NA	5.3	NA	Slightly Acidic
ERR765902	ERS662928	TXB053B	LPTX	Texas	TXB	Forest Soil	16S rRNA	V1-V3	2012-03-12	0.1	88	19	NA	NA	5.6	NA	Slightly Acidic
ERR765903	ERS662929	TXB054B	LPTX	Texas	TXB	Forest Soil	16S rRNA	V1-V3	2012-03-12	0.1	88	19	NA	NA	4.9	NA	Moderately Acidic
ERR765904	ERS662930	TXB055B	LPTX	Texas	TXB	Forest Soil	16S rRNA	V1-V3	2012-03-12	0.3	88	19	1	0.1	5.6	19.4	Slightly Acidic
ERR765905	ERS662931	TXB056B	LPTX	Texas	TXB	Forest Soil	16S rRNA	V1-V3	2012-03-12	0.3	88	19	1	0.1	5.4	19.4	Slightly Acidic
ERR765906	ERS662932	TXB057B	LPTX	Texas	TXB	Forest Soil	16S rRNA	V1-V3	2012-03-12	0.3	88	19	1	0.1	5.6	19.4	Slightly Acidic
ERR765907	ERS662933	TXB058B	LPTX	Texas	TXB	Forest Soil	16S rRNA	V1-V3	2012-03-12	0.1	88	19	9.3000000000000007	0.4	5.3	23.4	Slightly Acidic
ERR765908	ERS662934	TXB059B	LPTX	Texas	TXB	Forest Soil	16S rRNA	V1-V3	2012-03-12	0.1	88	19	12	0.4	5.5	27.1	Slightly Acidic
ERR765909	ERS662935	TXB060B	LPTX	Texas	TXB	Forest Soil	16S rRNA	V1-V3	2012-03-12	0.1	88	19	8.9	0.3	5.1	26.5	Slightly Acidic
ERR765910	ERS662936	TXB061B	LPTX	Texas	TXB	Forest Soil	16S rRNA	V1-V3	2012-03-12	0.3	88	19	1	0.1	5	19.4	Slightly Acidic
ERR765911	ERS662937	TXB062B	LPTX	Texas	TXB	Forest Soil	16S rRNA	V1-V3	2012-03-12	0.3	88	19	1	0.1	4.9	19.4	Moderately Acidic
ERR765912	ERS662938	TXB063B	LPTX	Texas	TXB	Forest Soil	16S rRNA	V1-V3	2012-03-12	0.3	88	19	1	0.1	4.8	19.4	Moderately Acidic
ERR765913	ERS662939	TXB064B	LPTX	Texas	TXB	Forest Soil	16S rRNA	V1-V3	2012-03-12	0.1	88	19	NA	NA	4.4	NA	Moderately Acidic
ERR765914	ERS662940	TXB065B	LPTX	Texas	TXB	Forest Soil	16S rRNA	V1-V3	2012-03-12	0.1	88	19	NA	NA	5	NA	Slightly Acidic
ERR765915	ERS662941	TXB066B	LPTX	Texas	TXB	Forest Soil	16S rRNA	V1-V3	2012-03-12	0.1	88	19	NA	NA	4.7	NA	Moderately Acidic
ERR765916	ERS662942	TXB067B	LPTX	Texas	TXB	Forest Soil	16S rRNA	V1-V3	2012-03-12	0.3	88	19	1	0.1	4.5	20.1	Moderately Acidic
ERR765917	ERS662943	TXB068B	LPTX	Texas	TXB	Forest Soil	16S rRNA	V1-V3	2012-03-12	0.3	88	19	1	0.1	4.4	20.1	Moderately Acidic
ERR765918	ERS662944	TXB069B	LPTX	Texas	TXB	Forest Soil	16S rRNA	V1-V3	2012-03-12	0.3	88	19	0.98	0.05	4.53	20.07	Moderately Acidic
ERR765919	ERS662945	TXB070B	LPTX	Texas	TXB	Forest Soil	16S rRNA	V1-V3	2012-03-12	0.1	88	19	10.1	0.4	4.3	28.1	Moderately Acidic
ERR765920	ERS662946	TXB071B	LPTX	Texas	TXB	Forest Soil	16S rRNA	V1-V3	2012-03-12	0.1	88	19	15.6	0.5	4.5	31.8	Moderately Acidic
ERR765921	ERS662947	TXB072B	LPTX	Texas	TXB	Forest Soil	16S rRNA	V1-V3	2012-03-12	0.1	88	19	14.9	0.5	4.6	28.9	Moderately Acidic
ERR765922	ERS662948	TXB073B	LPTX	Texas	TXB	Forest Soil	16S rRNA	V1-V3	2012-03-12	0.3	88	19	1	0.1	5	20.1	Slightly Acidic
ERR765923	ERS662949	TXB074B	LPTX	Texas	TXB	Forest Soil	16S rRNA	V1-V3	2012-03-12	0.3	88	19	0.98	0.05	4.81	20.07	Moderately Acidic
ERR765924	ERS662950	TXB075B	LPTX	Texas	TXB	Forest Soil	16S rRNA	V1-V3	2012-03-12	0.3	88	19	1	0.1	4.8	20.1	Moderately Acidic
ERR765925	ERS662951	TXB076B	LPTX	Texas	TXB	Forest Soil	16S rRNA	V1-V3	2012-03-12	0.1	88	19	NA	NA	4.3	NA	Moderately Acidic
ERR765926	ERS662952	TXB077B	LPTX	Texas	TXB	Forest Soil	16S rRNA	V1-V3	2012-03-12	0.1	88	19	NA	NA	4.4	NA	Moderately Acidic
ERR765927	ERS662953	TXB078B	LPTX	Texas	TXB	Forest Soil	16S rRNA	V1-V3	2012-03-12	0.1	88	19	NA	NA	4.3	NA	Moderately Acidic
ERR765928	ERS662954	TXB079B	LPTX	Texas	TXB	Forest Soil	16S rRNA	V1-V3	2012-03-12	0.3	88	19	NA	NA	NA	NA	NA
ERR765929	ERS662955	TXB080B	LPTX	Texas	TXB	Forest Soil	16S rRNA	V1-V3	2012-03-12	0.3	88	19	NA	NA	NA	NA	NA
ERR765930	ERS662956	TXB081B	LPTX	Texas	TXB	Forest Soil	16S rRNA	V1-V3	2012-03-12	0.3	88	19	NA	NA	NA	NA	NA
ERR765931	ERS662957	TXB082B	LPTX	Texas	TXB	Forest Soil	16S rRNA	V1-V3	2012-03-12	0.1	88	19	24.2	0.9	4.5	27.5	Moderately Acidic
ERR765932	ERS662958	TXB083B	LPTX	Texas	TXB	Forest Soil	16S rRNA	V1-V3	2012-03-12	0.1	88	19	14.5	0.5	4.4	29.7	Moderately Acidic
ERR765933	ERS662959	TXB084B	LPTX	Texas	TXB	Forest Soil	16S rRNA	V1-V3	2012-03-12	0.1	88	19	10.4	0.4	4.9	27.7	Moderately Acidic
ERR765934	ERS662960	TXC108B	LPTX	Texas	TXC	Forest Soil	16S rRNA	V1-V3	2012-03-12	0.1	88	19	NA	NA	4.79	NA	Moderately Acidic
ERR765935	ERS662961	TXC085B	LPTX	Texas	TXC	Forest Soil	16S rRNA	V1-V3	2012-03-12	0.3	88	19	0.88	0.05	4.95	17.41	Moderately Acidic
ERR765936	ERS662962	TXC086B	LPTX	Texas	TXC	Forest Soil	16S rRNA	V1-V3	2012-03-12	0.3	88	19	0.88	0.05	4.65	17.41	Moderately Acidic
ERR765937	ERS662963	TXC087B	LPTX	Texas	TXC	Forest Soil	16S rRNA	V1-V3	2012-03-12	0.3	88	19	0.88	0.05	4.96	17.41	Moderately Acidic
ERR765938	ERS662964	TXC088B	LPTX	Texas	TXC	Forest Soil	16S rRNA	V1-V3	2012-03-12	0.1	88	19	NA	NA	5.01	NA	Slightly Acidic
ERR765939	ERS662965	TXC089B	LPTX	Texas	TXC	Forest Soil	16S rRNA	V1-V3	2012-03-12	0.1	88	19	NA	NA	5.27	NA	Slightly Acidic
ERR765940	ERS662966	TXC090B	LPTX	Texas	TXC	Forest Soil	16S rRNA	V1-V3	2012-03-12	0.1	88	19	NA	NA	5.26	NA	Slightly Acidic
ERR765941	ERS662967	TXC091B	LPTX	Texas	TXC	Forest Soil	16S rRNA	V1-V3	2012-03-12	0.3	88	19	0.88	0.05	5.24	17.41	Slightly Acidic
ERR765942	ERS662968	TXC092B	LPTX	Texas	TXC	Forest Soil	16S rRNA	V1-V3	2012-03-12	0.3	88	19	0.88	0.05	4.93	17.41	Moderately Acidic
ERR765943	ERS662969	TXC093B	LPTX	Texas	TXC	Forest Soil	16S rRNA	V1-V3	2012-03-12	0.3	88	19	0.88	0.05	5.35	17.41	Slightly Acidic
ERR765944	ERS662970	TXC094B	LPTX	Texas	TXC	Forest Soil	16S rRNA	V1-V3	2012-03-12	0.1	88	19	NA	NA	5.04	NA	Slightly Acidic
ERR765945	ERS662971	TXC095B	LPTX	Texas	TXC	Forest Soil	16S rRNA	V1-V3	2012-03-12	0.1	88	19	NA	NA	4.49	NA	Moderately Acidic
ERR765946	ERS662972	TXC096B	LPTX	Texas	TXC	Forest Soil	16S rRNA	V1-V3	2012-03-12	0.1	88	19	NA	NA	5.03	NA	Slightly Acidic
ERR765947	ERS662973	TXC097B	LPTX	Texas	TXC	Forest Soil	16S rRNA	V1-V3	2012-03-12	0.3	88	19	0.9	0.1	5.2	17.4	Slightly Acidic
ERR765948	ERS662974	TXC098B	LPTX	Texas	TXC	Forest Soil	16S rRNA	V1-V3	2012-03-12	0.3	88	19	0.9	0.1	5.4	17.4	Slightly Acidic
ERR765949	ERS662975	TXC099B	LPTX	Texas	TXC	Forest Soil	16S rRNA	V1-V3	2012-03-12	0.3	88	19	0.9	0.1	5.9	17.4	Slightly Acidic
ERR765950	ERS662976	TXC100B	LPTX	Texas	TXC	Forest Soil	16S rRNA	V1-V3	2012-03-12	0.1	88	19	6.5	0.3	4.3	24.4	Moderately Acidic
ERR765951	ERS662977	TXC101B	LPTX	Texas	TXC	Forest Soil	16S rRNA	V1-V3	2012-03-12	0.1	88	19	4.7	0.2	4.8	23.7	Moderately Acidic
ERR765952	ERS662978	TXC102B	LPTX	Texas	TXC	Forest Soil	16S rRNA	V1-V3	2012-03-12	0.1	88	19	10.8	0.4	4.6	27.2	Moderately Acidic
ERR765953	ERS662979	TXC103B	LPTX	Texas	TXC	Forest Soil	16S rRNA	V1-V3	2012-03-12	0.3	88	19	0.8	0	4.4	15.7	Moderately Acidic
ERR765954	ERS662980	TXC104B	LPTX	Texas	TXC	Forest Soil	16S rRNA	V1-V3	2012-03-12	0.3	88	19	0.8	0	4.5	15.7	Moderately Acidic
ERR765955	ERS662981	TXC105B	LPTX	Texas	TXC	Forest Soil	16S rRNA	V1-V3	2012-03-12	0.3	88	19	0.8	0	4.5	15.7	Moderately Acidic
ERR765956	ERS662982	TXC106B	LPTX	Texas	TXC	Forest Soil	16S rRNA	V1-V3	2012-03-12	0.1	88	19	NA	NA	4.6	NA	Moderately Acidic
ERR765957	ERS662983	TXC107B	LPTX	Texas	TXC	Forest Soil	16S rRNA	V1-V3	2012-03-12	0.1	88	19	NA	NA	4.5	NA	Moderately Acidic
ERR765958	ERS662984	TXC109B	LPTX	Texas	TXC	Forest Soil	16S rRNA	V1-V3	2012-03-12	0.3	88	19	0.8	0	4.8	16.3	Moderately Acidic
ERR765959	ERS662985	TXC110B	LPTX	Texas	TXC	Forest Soil	16S rRNA	V1-V3	2012-03-12	0.3	88	19	0.8	0	4.9	16.3	Moderately Acidic
ERR765960	ERS662986	TXC111B	LPTX	Texas	TXC	Forest Soil	16S rRNA	V1-V3	2012-03-12	0.3	88	19	0.8	0	5	16.3	Slightly Acidic
ERR765961	ERS662987	TXC112B	LPTX	Texas	TXC	Forest Soil	16S rRNA	V1-V3	2012-03-12	0.1	88	19	NA	NA	4.5	NA	Moderately Acidic
ERR765962	ERS662988	TXC113B	LPTX	Texas	TXC	Forest Soil	16S rRNA	V1-V3	2012-03-12	0.1	88	19	NA	NA	4.4	NA	Moderately Acidic
ERR765963	ERS662989	TXC114B	LPTX	Texas	TXC	Forest Soil	16S rRNA	V1-V3	2012-03-12	0.1	88	19	NA	NA	5.3	NA	Slightly Acidic
ERR765964	ERS662990	TXC115B	LPTX	Texas	TXC	Forest Soil	16S rRNA	V1-V3	2012-03-12	0.3	88	19	0.8	0	5.3	16.3	Slightly Acidic
ERR765965	ERS662991	TXC116B	LPTX	Texas	TXC	Forest Soil	16S rRNA	V1-V3	2012-03-12	0.3	88	19	0.8	0	4.7	16.3	Moderately Acidic
ERR765966	ERS662992	TXC118B	LPTX	Texas	TXC	Forest Soil	16S rRNA	V1-V3	2012-03-12	0.1	88	19	NA	NA	4.2	NA	Moderately Acidic
ERR765967	ERS662993	TXC119B	LPTX	Texas	TXC	Forest Soil	16S rRNA	V1-V3	2012-03-12	0.1	88	19	NA	NA	4.5	NA	Moderately Acidic
ERR765968	ERS662994	TXC120B	LPTX	Texas	TXC	Forest Soil	16S rRNA	V1-V3	2012-03-12	0.1	88	19	NA	NA	4.3	NA	Moderately Acidic
ERR765969	ERS662995	TXC121B	LPTX	Texas	TXC	Forest Soil	16S rRNA	V1-V3	2012-03-12	0.3	88	19	0.69	0.04	4.75	15.65	Moderately Acidic
ERR765970	ERS662996	TXC122B	LPTX	Texas	TXC	Forest Soil	16S rRNA	V1-V3	2012-03-12	0.3	88	19	0.7	0	4.7	15.7	Moderately Acidic
ERR765971	ERS662997	TXC124B	LPTX	Texas	TXC	Forest Soil	16S rRNA	V1-V3	2012-03-12	0.1	88	19	NA	NA	4.2	NA	Moderately Acidic
ERR765972	ERS662998	TXC125B	LPTX	Texas	TXC	Forest Soil	16S rRNA	V1-V3	2012-03-12	0.1	88	19	NA	NA	4.3	NA	Moderately Acidic
ERR765973	ERS662999	TXC126B	LPTX	Texas	TXC	Forest Soil	16S rRNA	V1-V3	2012-03-12	0.1	88	19	NA	NA	5.2	NA	Slightly Acidic
ERR765974	ERS663000	TXC127B	LPTX	Texas	TXC	Forest Soil	16S rRNA	V1-V3	2012-03-12	0.3	88	19	0.7	0	5	15.7	Slightly Acidic
ERR765975	ERS663001	TXC128B	LPTX	Texas	TXC	Forest Soil	16S rRNA	V1-V3	2012-03-12	0.3	88	19	0.7	0	5.1	15.7	Slightly Acidic
ERR765976	ERS663002	TXC129B	LPTX	Texas	TXC	Forest Soil	16S rRNA	V1-V3	2012-03-12	0.3	88	19	0.7	0	5.1	15.7	Slightly Acidic
ERR765977	ERS663003	TXC130B	LPTX	Texas	TXC	Forest Soil	16S rRNA	V1-V3	2012-03-12	0.1	88	19	NA	NA	4.4	NA	Moderately Acidic
ERR765978	ERS663004	TXC131B	LPTX	Texas	TXC	Forest Soil	16S rRNA	V1-V3	2012-03-12	0.1	88	19	NA	NA	4.86	NA	Moderately Acidic
ERR765979	ERS663005	TXC132B	LPTX	Texas	TXC	Forest Soil	16S rRNA	V1-V3	2012-03-12	0.1	88	19	NA	NA	4.1	NA	Moderately Acidic
ERR765980	ERS663006	TXC133B	LPTX	Texas	TXC	Forest Soil	16S rRNA	V1-V3	2012-03-12	0.3	88	19	0.7	0	4.3	16.4	Moderately Acidic
ERR765981	ERS663007	TXC134B	LPTX	Texas	TXC	Forest Soil	16S rRNA	V1-V3	2012-03-12	0.3	88	19	0.7	0	4.4	16.4	Moderately Acidic
ERR765982	ERS663008	TXC135B	LPTX	Texas	TXC	Forest Soil	16S rRNA	V1-V3	2012-03-12	0.3	88	19	0.7	0	4.6	16.4	Moderately Acidic
ERR765983	ERS663009	TXC136B	LPTX	Texas	TXC	Forest Soil	16S rRNA	V1-V3	2012-03-12	0.1	88	19	12.3	0.4	NA	27.4	NA
ERR765984	ERS663010	TXC137B	LPTX	Texas	TXC	Forest Soil	16S rRNA	V1-V3	2012-03-12	0.1	88	19	9	0.3	4.8	27	Moderately Acidic
ERR765985	ERS663011	TXC138B	LPTX	Texas	TXC	Forest Soil	16S rRNA	V1-V3	2012-03-12	0.1	88	19	12.3	0.5	4.8	27.2	Moderately Acidic
ERR765986	ERS663012	TXC139B	LPTX	Texas	TXC	Forest Soil	16S rRNA	V1-V3	2012-03-12	0.3	88	19	0.7	0	4.4	16.4	Moderately Acidic
ERR765987	ERS663013	TXC140B	LPTX	Texas	TXC	Forest Soil	16S rRNA	V1-V3	2012-03-12	0.3	88	19	0.7	0	4.5	16.4	Moderately Acidic
ERR765988	ERS663014	TXC141B	LPTX	Texas	TXC	Forest Soil	16S rRNA	V1-V3	2012-03-12	0.3	88	19	0.7	0	4.9	16.4	Moderately Acidic
ERR765989	ERS663015	TXC142B	LPTX	Texas	TXC	Forest Soil	16S rRNA	V1-V3	2012-03-12	0.1	88	19	NA	NA	4.1	NA	Moderately Acidic
ERR765990	ERS663016	TXC143B	LPTX	Texas	TXC	Forest Soil	16S rRNA	V1-V3	2012-03-12	0.1	88	19	NA	NA	4.3	NA	Moderately Acidic
ERR765991	ERS663017	TXC144B	LPTX	Texas	TXC	Forest Soil	16S rRNA	V1-V3	2012-03-12	0.1	88	19	NA	NA	4.3	NA	Moderately Acidic
ERR765992	ERS663018	TXC145B	LPTX	Texas	TXC	Forest Soil	16S rRNA	V1-V3	2012-03-12	0.3	88	19	NA	NA	NA	NA	NA
ERR765993	ERS663019	TXC146B	LPTX	Texas	TXC	Forest Soil	16S rRNA	V1-V3	2012-03-12	0.3	88	19	NA	NA	NA	NA	NA
ERR765994	ERS663020	TXC147B	LPTX	Texas	TXC	Forest Soil	16S rRNA	V1-V3	2012-03-12	0.3	88	19	NA	NA	NA	NA	NA
ERR765995	ERS663021	TXC148B	LPTX	Texas	TXC	Forest Soil	16S rRNA	V1-V3	2012-03-12	0.1	88	19	25.1	0.8	4.1	32.3	Moderately Acidic
ERR765996	ERS663022	TXC149B	LPTX	Texas	TXC	Forest Soil	16S rRNA	V1-V3	2012-03-12	0.1	88	19	18.2	0.7	4.7	27.2	Moderately Acidic
ERR765997	ERS663023	TXC150B	LPTX	Texas	TXC	Forest Soil	16S rRNA	V1-V3	2012-03-12	0.1	88	19	13.8	0.5	4.2	26.8	Moderately Acidic
